Country Name,1990,1991,1992,1993,1994,1995,1996,1997,1998,1999,2000,2001,2002,2003,2004,2005,2006,2007,2008,2009,2010,2011,2012,2013,2014,2015,2016,2017
Aruba,,,,,,,,,,,,,,,,,,,,,,,,,,,,
Afghanistan,,,,,,,,,,,,,1061.366599,1097.601465,1063.819645,1138.095434,1167.88212,1288.516731,1303.558751,1537.556261,1620.35851,1679.272073,1867.691937,1875.435732,1854.455554,1824.918548,1822.223443,
Angola,,,,,,,,,,,2442.608404,2667.792972,3088.196608,3122.653226,3249.837852,3504.374421,3904.617883,4873.361691,4755.74678,5769.544887,5420.652765,5360.681296,5392.622395,5796.941172,6074.584876,6250.516978,5956.049481,5789.861511
Albania,,,,,,,4792.643739,4289.733506,4727.709208,5376.465272,5809.415185,6335.687571,6584.982589,7008.77254,7417.938963,7862.344964,8408.576406,8962.641829,9192.807051,9396.7472,9838.802552,10210.40897,10301.19598,10648.3919,10787.12688,11083.47947,11512.30778,11885.50814
Andorra,,,,,,,,,,,,,,,,,,,,,,,,,,,,
Arab World,,,,,,,,,,,11576.56884,11610.55601,11378.53613,11886.64296,12384.93136,12723.81166,13203.63164,13631.11177,14062.00853,13835.31619,14075.80884,14310.24165,14584.50313,14606.2536,14882.87828,15149.89819,15219.86908,15094.87693
United Arab Emirates,,,,,,,,,,,,103677.554,96777.00318,97811.70346,98611.77834,93414.85071,90253.63109,81797.11527,72408.77512,61473.45296,57250.70213,58422.32475,59510.21249,62008.82544,64102.69544,66923.32225,68121.35651,67804.55851
Argentina,10375.66645,11679.73191,13050.52023,13713.44067,14306.14211,13674.66648,14224.90579,15185.48303,15539.52641,14826.77664,14537.61184,13715.59798,11512.5402,12559.85337,13610.12196,14963.16045,16076.67067,17462.13391,18000.28887,16659.65751,18083.24456,19073.56787,18778.79934,19077.31815,18429.22351,18436.59696,17857.44746,18460.73665
Armenia,3518.165281,3327.27324,1574.559775,1683.999639,1989.678439,2169.046994,2400.133295,2587.792485,2723.38204,2825.700123,3006.045269,3324.535472,3810.682014,4354.380414,4820.510527,5594.426622,6415.244656,7409.367076,8019.42055,6803.037193,7038.217834,7271.41013,7810.135352,8193.359449,8330.114134,8516.717741,8349.510958,9143.677637
American Samoa,,,,,,,,,,,,,,,,,,,,,,,,,,,,
Antigua and Barbuda,,,,,,,,,,,,,,,,,,,,,,17962.28448,,,,,,
Australia,27790.42583,27190.58782,27029.524,28177.85785,29123.22252,29535.95828,30245.23338,31143.1979,32299.60546,33553.81017,34536.31419,34752.88934,35735.63442,36313.35335,37298.54548,37637.59089,38041.73454,38970.51931,39728.73843,39888.23398,39919.7934,40209.66008,41486.06758,42122.97998,42490.3558,43138.48652,43637.03842,43560.05774
Austria,31586.77304,32192.24294,32441.75866,32368.01616,32951.38849,33659.19292,34520.26521,35056.53165,36218.19033,37058.92317,38501.93598,38643.58316,39405.24888,39716.33524,40597.20588,41195.71815,42599.6452,43896.11608,44814.98005,42639.5394,43700.0727,44602.61104,44597.38802,44420.26778,44379.56833,43984.09777,44443.22753,
Azerbaijan,,,,4915.189443,3893.197798,3387.192849,3362.660358,3562.041566,3879.730324,4105.005755,4314.37545,4692.429197,5130.205605,5657.834803,6016.905081,6940.1551,8940.627219,10495.2094,12383.11744,14364.4363,15246.1256,14676.41976,15107.13503,,,,,
Burundi,,,,,,,,758.8871468,788.3485645,765.2705175,766.1795948,741.594254,751.3724226,715.2927268,720.6141009,712.929409,733.685121,744.6882961,757.6523162,752.9439702,759.0644079,765.7779258,776.0001701,791.5391402,801.543835,748.2344309,721.2081713,
Belgium,30780.95604,31342.08178,31687.48407,31563.85233,32719.58271,33350.14047,33853.84372,35060.33954,35677.41806,36822.00117,38152.29935,38062.23878,38509.89906,38714.30282,39734.78755,40280.52125,41091.11847,42178.95214,42588.70663,40409.60085,42384.82895,41664.65486,42044.47068,41601.56705,41582.68053,41727.20983,,
Benin,1431.722023,1449.18099,1409.439033,1469.933464,1442.976109,1482.001092,1499.659287,1548.895196,1576.689929,1614.73677,1658.687361,1693.990194,1712.836666,1717.638913,1743.289927,1729.598327,1742.71601,1791.023753,1838.309912,1823.259186,1804.672426,1817.282455,1840.410249,1919.46337,1987.918572,1980.439184,2010.439645,2061.433065
Burkina Faso,845.3376504,897.1295156,874.733705,878.6777918,865.1127372,892.7782203,970.8412865,1000.243631,1043.551199,1088.828472,1068.565206,1108.764357,1127.35645,1180.30447,1197.252385,1266.363957,1310.345877,1340.43975,1395.326341,1393.027007,1389.205096,1418.445095,1493.511171,1531.934072,1518.446385,1527.08287,1599.736125,1650.092096
Bangladesh,1319.604563,1333.995832,1378.487879,1415.528682,1445.347829,1485.394089,1512.736371,1550.090805,1596.957253,1641.091466,1697.513478,1746.694715,1796.17,1848.850181,1921.056954,2018.396219,2149.974834,2289.865501,2425.570433,2525.088443,2641.368119,2774.404938,2933.447832,3061.70811,3169.806771,3333.880774,3509.415947,3676.923378
Bulgaria,8518.070941,7743.297353,7940.249214,7880.292702,8035.499745,8209.820365,8247.883297,8281.47574,8716.934842,8278.232481,8641.655086,9372.40515,10325.89377,10900.60083,11642.36988,12461.31798,13066.5615,13453.76374,14811.4532,14715.25874,14975.52096,15183.6928,15570.28721,15654.91994,16170.755,16663.21895,17758.7547,18740.11184
Bahrain,,,,,,,,,,,,,,,,,42372.22613,42694.34524,41152.88141,37212.32791,37243.67332,35441.7178,36142.35788,37627.84714,36607.16987,42177.55452,,
"Bahamas, The",29221.47385,27451.03292,26633.3081,25872.07151,26216.71429,31158.74388,34305.21267,21548.75433,22811.82623,23698.14398,24119.61279,24698.16366,24254.6254,23700.69974,23815.91774,23631.45274,24027.25284,23688.37165,23337.59297,22088.06806,22072.10769,22026.39384,28844.93403,28360.09308,27574.60744,27602.10791,26632.35882,
Bosnia and Herzegovina,,,,,,,,,,,,,,,,,9022.447349,9558.985479,10187.88275,9941.531096,9879.152794,9981.078521,10006.80509,10419.35066,10599.92724,11003.51676,11352.63612,11716.0207
Belarus,8428.495656,8323.26964,7508.032323,6921.838098,6108.432841,5481.750532,5662.182367,6310.888538,6872.308782,7154.127448,7602.433948,7997.522087,8473.433562,9167.112023,10283.45444,11337.45067,12474.02951,13506.55527,14847.633,14736.03191,15978.97687,16815.00917,17049.49331,16863.33394,17264.48399,16227.75269,15765.25042,16323.46154
Belize,4984.353141,5405.699214,5925.072839,6186.968654,6007.611982,5938.207965,5807.615002,5834.676148,5756.071788,5982.626072,6480.743926,6508.907123,6684.509271,7012.944023,7015.714283,7072.806457,7207.766051,6935.823655,7022.305658,7199.429929,7035.225795,7336.876164,7377.359194,7275.685863,7329.667123,7665.757422,7418.531174,7165.80992
Bermuda,,,,,,,,,,,,,,,,,,,,,,68113.31457,,,,,,
Bolivia,3540.220068,3675.128758,3707.758482,3784.458083,3904.203983,3996.56179,4131.562093,4240.405565,4392.188773,4307.269921,4319.617467,4314.830798,4340.869586,4325.423125,4392.882095,4528.402324,4681.535243,4801.686164,5037.604931,5092.851048,5178.10383,5327.321172,5432.777075,5703.722954,6013.208777,6345.118332,6621.215621,6714.027191
Brazil,,,,,,,,,,,,,,,,,,,,,,14583.0792,,,,,,
Barbados,,,,,,,,,,,,,,,,,,,,,,15411.32331,,,,,,
Brunei Darussalam,85125.60339,85334.11414,86885.86717,84741.53373,85060.03739,86576.95668,86874.48747,83583.22373,81245.89308,81912.25563,82488.75407,83038.87831,84575.72491,85425.54432,84391.52303,83411.19709,85881.79625,85383.64832,82725.08512,80307.3897,80390.40357,80216.85658,80050.56381,78473.62555,76416.88265,78610.8104,76869.75568,76427.21032
Bhutan,,,,,,,,,,,3534.563145,3721.894833,3948.458653,4104.237049,4229.437441,4456.999451,4700.63259,5373.304528,5440.668005,5617.440852,6062.230521,6379.980282,6486.012206,6588.699359,6862.576045,7065.965008,7573.53674,8064.827651
Botswana,7895.482486,8603.435931,8696.776347,8968.344156,8126.774769,8853.779575,8757.184626,9490.579792,9864.253709,9902.634421,9775.240244,10031.91704,9460.89552,10141.31935,10129.52219,10629.1783,11423.57199,12312.53788,12913.88334,12233.73202,12778.16067,13789.7718,14291.63963,15182.99581,15571.99955,15109.12554,15454.83231,
Central African Republic,,,,,,,,,,,,,,,,,,,851.6778686,861.5160807,885.4806542,908.613409,943.7776987,595.3700076,599.7518106,624.498635,643.7469747,663.1516331
Canada,30226.65224,29269.97827,29094.16608,29600.25168,30581.61906,31173.07163,31367.74196,32440.81867,33340.07692,34765.99407,36492.55331,36700.27156,37582.74057,37890.49216,38774.60366,39657.48464,40558.53595,41039.78788,40996.5856,39253.04245,39900.59881,40778.31437,41055.03067,41697.39257,42383.09829,42511.83566,42664.18265,
Central Europe and the Baltics,,,,,,,,,,,,,,,16697.73663,17700.08354,18800.98038,19897.17163,20945.18414,20364.73613,20638.5279,21338.7266,21658.18611,22076.70078,22736.72481,23559.2854,24320.45295,
Switzerland,49017.94788,48014.8826,47347.43571,47068.94797,46934.91654,47230.65246,47394.19612,49189.91391,50711.3886,51704.7149,53875.14349,52890.49221,51993.96709,53625.15462,54532.8037,56993.37436,58381.73962,56419.75151,52929.54758,55666.50469,58957.44936,56459.93897,57130.68357,57566.94665,57472.43987,58279.64233,,
Channel Islands,,,,,,,,,,,,,,,,,,,,,,,,,,,,
Chile,,,,,,,12497.91844,13263.86336,13758.26711,13455.07587,13916.86512,14234.04393,14439.2711,14554.74966,15064.88447,15637.35165,15666.58435,16438.87818,17652.27336,17346.75038,18053.76319,19187.32745,20334.58482,21081.77815,21506.72281,21854.28392,21768.25176,21909.50098
China,,,,,,2530.246724,2755.56536,2986.823524,3176.905557,3399.236519,3662.062101,3930.050191,4275.697181,4692.211774,5152.352968,5681.608859,6399.841505,7301.775492,7996.460718,8637.891602,9485.320122,10287.85798,11120.50289,11855.01291,12775.47597,13519.35998,14353.97719,15269.76124
Cote d'Ivoire,,,,,,,,,,,,,,,,,,,2576.013944,2596.367844,2589.493444,2413.631025,2626.303004,2757.205029,2976.961728,3142.376796,3323.286474,3481.22531
Cameroon,2905.417076,2658.417172,2535.019118,2273.689662,2246.494482,2260.020988,2297.20598,2353.845201,2429.239945,2476.342151,2450.578845,2472.014376,2534.138482,2644.084241,2783.661085,2752.643442,2811.938452,2843.073515,2882.071718,2899.056959,2900.588475,2938.365391,2974.531906,3039.810453,3169.729396,3242.805366,3280.426138,3314.744584
"Congo, Dem. Rep.",,,,833.2487628,729.2407785,695.6350941,724.8819168,664.1088207,642.2365823,579.7443524,565.7358156,522.2232002,531.3175077,548.0970407,564.1428121,572.4741092,589.8188474,602.239059,602.2443813,614.2379234,634.7114491,648.1928346,665.5825061,669.4619092,712.6134024,750.1302001,791.8744238,795.8264152
"Congo, Rep.",5770.555553,5853.843873,6094.002885,5486.288103,5323.272576,3869.566192,3893.302434,4339.793992,5013.509996,3907.701552,3455.681852,3880.184151,3938.392783,3832.447444,3517.84992,2898.599435,2606.789083,3051.996222,3522.932699,3964.400644,3946.420302,3872.239455,4616.26947,4969.513332,5777.948045,7418.029004,6629.802871,5694.221011
Colombia,7173.93236,7254.578386,7509.833651,7608.269949,8044.83531,8329.25781,8331.208956,8474.051608,8434.710491,7964.097389,8161.581437,8157.247342,8226.119366,8369.134035,8688.195053,8963.26974,9449.020109,9949.399834,10154.61849,10246.80167,10490.8621,10965.40362,11364.02395,11847.33827,12315.2164,12772.22862,13050.36976,12937.87977
Comoros,1595.418401,1466.756769,1571.440846,1560.503026,1430.087107,1444.12456,1383.02861,1399.898582,1377.147743,,1483.288875,1483.336351,1472.320825,1466.24591,1457.139219,1465.343428,1469.898372,1455.74894,1418.062402,1412.636891,1410.281955,1412.720472,1418.141391,1437.465097,1435.172752,,,
Cabo Verde,,,,,,,,,,,,,,,,,,5515.901456,5787.277678,5656.391299,5569.679748,5756.92592,5732.143946,5755.538598,5631.938871,5691.557386,5829.311443,5983.137566
Costa Rica,7550.092005,,,,,,,,,,,,,,,,,12120.12581,12596.7047,12135.91132,12572.90298,12940.69857,13435.76762,13509.91516,13794.01101,14086.49593,14490.00195,14636.38192
Caribbean small states,,,,,,,,,,,,,,,,,,,,,,,,,,,,
Cuba,,,,,,,,,,,,,,,,,,,,,,,,,,,,
Curacao,,,,,,,,,,,,,,,,,,,,,,,,,,,,
Cayman Islands,,,,,,,,,,,,,,,,,,,,,,,,,,,,
Cyprus,23679.97057,23262.6017,24674.27704,24298.26839,25125.62112,25836.30967,25797.66555,25900.89947,29277.29804,27814.03838,28493.32188,29306.79798,30442.53302,31059.84922,31902.76098,32561.68458,33303.04734,34933.41969,35219.73995,33935.93797,32913.18241,33191.63714,30712.429,28487.63736,28696.17309,30743.57457,30842.90835,31567.6881
Czech Republic,,,17699.30241,17632.96632,18138.25846,19117.85339,19828.86748,19738.57085,19674.86201,19895.25384,20790.05419,21272.46728,21483.12065,22299.30094,23058.81426,24572.08276,25777.33246,26959.13843,27444.92647,25802.84676,26202.42121,26616.61282,26761.15295,26672.14165,27112.60412,28567.2667,,
Germany,31793.4238,32994.71129,33324.62618,32732.25324,33195.51179,33594.29889,33807.37915,34311.17858,34853.24499,35457.76408,36528.93716,37019.02051,36820.81534,36648.60805,37693.96508,38050.82353,39828.10977,41079.7742,41393.00886,39673.32117,41235.89462,43769.86181,43826.74122,43888.43922,44429.16204,44765.5564,45203.14278,
Djibouti,,,,,,,,,,,,,,,,,,,,,,,,,,,,
Dominica,,,,,,,,,,,,,,,,,,,,,,9921.902332,,,,,,
Denmark,32969.10386,33318.86185,33988.66424,34104.41846,35842.62065,36878.84112,37657.06919,38677.74711,39499.16272,40624.46414,41507.75214,41967.78722,42119.00425,42398.54257,43863.73967,44929.05433,46715.64426,46609.20551,46378.55053,43817.26216,44726.4111,45339.71385,45340.48853,45982.81043,46705.52136,47000.4973,47208.89897,
Dominican Republic,5243.449061,5211.747687,5645.734792,5842.013395,5906.741196,6105.714654,6467.147856,6808.575775,7116.166435,7431.552898,7730.830165,7667.930432,7889.615698,7586.149953,7418.321948,7996.393051,8666.793357,9757.236037,10078.11953,10032.47362,10715.2771,10878.92139,11030.65698,11214.74158,11886.08888,12654.75764,13281.73739,13920.99426
Algeria,9910.449559,9383.907022,9390.562608,9103.274114,8783.646086,8841.409567,9006.95634,9037.789672,9438.38225,9533.432069,9637.191199,10069.59353,10387.70305,11005.83972,11244.10716,11536.71693,11683.79385,12358.2578,12576.75232,12547.08253,12875.81829,12852.68323,12874.28766,12921.39668,13150.09985,13337.84166,13809.29473,
East Asia & Pacific (excluding high income),,,,,,2891.095991,3116.702877,3312.084474,3425.551322,3629.640064,3895.861994,4124.872317,4436.656256,4812.960093,5230.690002,5677.603931,6295.180954,7063.557827,7630.609028,8129.162884,8854.881909,9518.36161,10192.58563,10785.76092,11501.29672,12107.91242,12787.45701,13541.81644
Early-demographic dividend,4243.297711,4320.7362,4426.167804,4504.878952,4541.497413,4560.235618,4732.242191,4868.488763,4978.524605,5039.172787,5159.073832,5138.727239,5153.483846,5363.89648,5634.584881,5912.349433,6203.762036,6552.785923,6679.733477,6688.526886,7019.468358,7271.13657,7440.454873,7667.265559,7922.312574,8207.535881,8499.579212,
East Asia & Pacific,,,,,,5990.219447,6288.40176,6513.791087,6534.180915,6763.77158,7120.535834,7325.565475,7640.110711,8026.737102,8497.968578,8958.606474,9595.890524,10373.119,10833.40655,11101.51498,11930.03112,12594.2458,13256.29934,13876.52895,14569.31843,15161.61919,15728.71567,16568.15045
Europe & Central Asia (excluding high income),13723.92608,12937.56637,11407.07385,10675.83357,9507.898307,9282.077655,9173.64637,9335.124389,9055.386877,9261.966954,10040.41529,10438.41734,11011.98415,11695.96724,12693.24422,13518.48979,14513.5758,15650.89773,16272.58402,15253.69806,15928.83448,16780.04793,17295.73075,17809.8723,18084.46559,18072.07098,18185.48494,18826.05158
Europe & Central Asia,20425.47166,20283.15761,19721.91199,19350.23693,19173.43466,19456.37717,19712.51061,20234.27959,20544.39587,21133.01641,22142.93349,22632.92247,23047.61472,23581.67621,24500.84596,25251.67434,26284.05074,27247.07411,27434.01629,26165.77626,26864.13276,27578.68888,27659.75375,27853.62927,28193.14781,28514.73922,28876.52322,
Ecuador,6886.861144,7117.861377,7200.290186,7255.684479,7427.433702,7459.060526,7407.589871,7600.68414,7662.183541,6993.154978,6854.077758,7175.869019,7412.448969,7470.005683,7923.42081,8251.269573,8502.426992,8538.954774,9068.016184,9001.354264,9214.874309,9769.490512,10170.14717,10511.75155,10734.55235,10567.28753,10234.37362,10346.61944
"Egypt, Arab Rep.",5759.370414,5775.794989,5915.53663,5937.475223,6115.966888,6307.920615,6535.636974,6797.11414,6954.139613,7221.037474,7456.708109,7590.474487,7549.777345,7625.840709,7779.181479,7978.950188,8440.898121,8917.869069,9381.844399,9569.457864,9667.586799,9571.993543,9594.777017,9560.542004,9644.388757,9922.558751,10184.93752,10354.80181
Euro area,28318.45502,28926.34192,29173.15231,28877.68899,29363.14387,30056.24886,30531.63545,31288.11428,32069.15999,32994.09785,34161.82897,34659.09057,34724.72159,34862.61381,35669.99572,36100.55602,37243.21509,38097.37212,37912.09345,36248.84812,36932.91229,37606.22741,37201.52988,36969.44801,37272.5668,37784.56959,38382.70165,
Eritrea,,,1109.659876,1266.897908,1543.105508,1604.643087,1697.101013,1817.210311,1832.432826,1794.279825,1678.265356,1763.999362,1749.046836,1641.026093,1607.783084,1613.284335,1561.875219,1553.652254,1371.27609,1398.094327,1401.64985,1496.820311,,,,,,
Spain,23593.95864,24143.76236,24217.19535,23974.81382,23991.49262,24981.87264,25463.47042,26306.91584,27307.55308,28421.69773,29853.00486,30623.66969,31044.41511,31553.77325,31960.91655,32421.8488,33110.06567,33494.29515,33247.93101,32043.86334,32045.38693,31512.28457,30887.77031,30516.02568,31088.15467,32217.41504,33306.69638,
Estonia,,,,,,,,,,,15180.18652,16114.66422,17203.6885,18441.54971,19784.81396,21972.45059,24054.37518,25555.02801,24619.0249,21515.60916,21539.21218,23313.03962,24661.138,25676.0324,26380.2047,26984.52003,,
Ethiopia,,,,,,,,,,,,,,,,,,,,,,1160.25448,1227.845528,1322.771574,1420.593606,1526.896829,1602.799842,1719.378176
European Union,24783.73085,25088.59438,25241.35401,25143.69964,25745.5369,26427.75101,26958.19505,27672.13164,28403.76739,29228.57855,30346.38098,30921.16726,31223.38653,31590.36313,32397.80383,33041.61254,34091.86956,34956.34944,34951.70992,33470.26837,34129.39765,34750.78921,34507.58729,34485.86827,34909.55089,35514.05425,36144.58313,
Fragile and conflict affected situations,,,,,,,,,,,,,,,,,,,,,,,,,,,,
Finland,28132.78967,26110.05703,24832.85967,24381.32417,25523.08471,26721.73835,27823.77513,29720.31337,31096.29083,32738.72451,34657.88436,35692.11321,36333.3851,36625.75003,38467.64625,39284.6948,40933.61311,42604.01769,42655.58544,39370.05121,40389.37419,40867.86187,40120.2465,39563.45023,39372.34276,39248.21252,40066.20628,
Fiji,,,,,,,,,,,,,,,,,,,,,,7262.467628,,,,,,
France,29661.07949,29934.73222,30322.28628,30038.56757,30565.8177,31080.04593,31550.26681,32282.84514,33328.56415,34528.51339,35556.56363,35963.29518,35824.72926,35947.26464,36751.02116,37167.53132,37880.95264,38564.94042,38443.33132,36998.70529,37631.69073,38319.81135,37876.37219,37891.9027,38085.2257,38367.33248,38701.79712,
Faroe Islands,,,,,,,,,,,,,,,,,,,,,,,,,,,,
"Micronesia, Fed. Sts.",,,,,,,,,,,,,,,,,,,,,,3517.922242,,,,,,
Gabon,19313.29509,20003.37128,18450.45248,18481.81323,19094.13742,19289.87797,19436.59319,19896.16437,20854.22214,18139.27084,16088.59047,16966.15197,17112.87436,16765.92175,15433.14332,16188.89713,14477.03514,14550.5489,13386.11312,14040.7739,13823.37696,13712.40758,14943.92823,15517.94066,16978.62009,16472.49785,16575.17296,16700.5726
United Kingdom,26684.33992,26316.00395,26355.60599,26952.21336,27943.49056,28546.40689,29199.61275,30307.96571,31197.56287,32055.5828,33350.76078,34180.61221,35082.15499,36101.55217,36797.78828,37884.37671,38065.17036,38638.53266,37875.84289,36021.84834,36682.66268,36895.90818,36695.84475,37026.21759,37597.65822,38145.56889,38679.50732,
Georgia,,,,,,,,,,,,,,,,,,,,,,7101.059676,7808.403549,8098.461468,8668.555445,8765.537752,8785.470357,9186.409714
Ghana,,,,,,,,,,,,,,,,,2618.542605,2662.987368,2836.484357,2900.247692,3010.662822,3298.613655,3446.284282,3699.495987,3699.893346,3861.463782,3889.318276,4096.173789
Gibraltar,,,,,,,,,,,,,,,,,,,,,,,,,,,,
Guinea,,,,,,,,,,,,,,,,,1377.057099,1473.798908,1475.561802,1430.748961,1473.604471,1519.535508,1586.061818,1617.153024,1634.609696,1659.736546,1778.772916,1982.675358
"Gambia, The",,,,,,,,,,,,,,,1541.348264,1478.101864,1444.287391,1458.895029,1503.594435,1543.4905,1592.566454,1470.663871,1510.150163,1545.232355,1506.492615,1518.22351,1509.83011,1515.619983
Guinea-Bissau,,,,,,,,,,,1319.844502,1309.91758,1296.016902,1274.304964,1285.847578,1311.731869,1325.371901,1342.835589,1338.12703,1355.486981,1393.790618,1484.032991,1420.083477,1393.943207,1448.343507,1484.555366,1540.300504,1551.809772
Equatorial Guinea,1111.853136,1118.341046,1489.337706,1538.187896,1484.035603,1532.778606,2418.691533,6319.987918,7022.102765,8872.134411,8948.606828,12339.69139,9180.135005,12206.47082,8833.611312,20896.49756,26572.05224,29863.17809,29215.91653,29353.23477,21545.18624,22234.59817,23817.46622,23089.57327,22629.35759,23324.48788,21315.83047,19512.53253
Greece,21080.15262,21554.30541,21595.67979,21073.19061,21403.69504,21751.79767,22203.008,23100.56299,23839.87144,24193.6118,24924.19296,25891.08024,26724.04919,28008.56486,29325.81252,29203.34984,30555.56311,31243.21922,30929.96568,29749.41682,28134.03362,25427.59371,24521.11455,23714.47814,24131.31556,24251.20435,,
Grenada,,,,,,,,,,,,,,,,,,,,,,10762.96326,,,,,,
Greenland,,,,,,,,,,,,,,,,,,,,,,,,,,,,
Guatemala,4995.679971,5104.993203,5232.228046,5317.835991,5396.219877,5534.807884,5549.758521,5669.823946,5854.882615,5926.011443,5997.122118,6046.368304,6075.170085,6080.726595,6107.808178,6159.497426,6316.182674,6551.595361,6592.740544,6471.277707,6513.361005,6605.802843,6724.953257,6843.814187,6953.322339,7107.765793,7190.508928,7278.142303
Guam,,,,,,,,,,,,,,,,,,,,,,,,,,,,
Guyana,,,,,,,,,,,,,,,,,,,,,,6108.731539,,,,,,
High income,28590.64574,28831.49057,29310.92267,29502.8809,30232.1862,30848.77769,31601.42884,32510.15537,33154.85841,34101.51694,35289.40686,35516.68878,35708.62275,36374.63922,37468.47672,38337.26359,39290.8909,40113.82647,39952.28803,38402.15042,39451.40041,40164.75468,40467.23842,40851.31967,41418.02583,42119.59494,42376.90337,
"Hong Kong SAR, China",26175.02798,27272.52611,28669.23434,31307.04959,32332.20695,32677.91318,31988.10877,33623.74921,32083.4649,32598.15043,34329.70487,34821.87473,34629.13586,36488.78567,39141.9846,41166.22439,44577.74081,47452.27858,49408.7472,46785.22218,49138.82108,51453.72187,51113.95155,52724.59626,53885.78553,54607.98157,55808.85556,58419.70992
Honduras,2894.404196,2886.731191,2937.415221,3169.762299,3047.895215,3034.119934,3073.116169,3206.294491,3230.929476,3121.451682,3213.017081,3208.861828,3234.247973,3279.351265,3380.778355,3520.487897,3662.941605,3867.801726,3931.591222,3733.881075,3787.149583,3822.003241,3859.473655,3887.165524,3899.353291,4022.518996,4096.015267,4215.293803
Heavily indebted poor countries (HIPC),,,,1306.527086,1274.134341,1281.435658,1331.096046,1365.61682,1395.059874,1386.508261,1379.417859,1396.019902,1415.106807,1450.45198,1482.47851,1527.531647,1581.416391,1648.366048,1702.330998,1729.073199,1754.008173,1806.739397,1849.124044,1840.121337,1960.934014,2030.138347,2070.987072,2118.543295
Croatia,,,,,,12611.90114,13845.73008,14553.13001,14967.32278,14453.3114,15462.40828,15954.06203,16831.11746,17470.90797,18480.68718,19142.72828,20020.77331,21132.12242,21414.38198,19755.99748,19607.21408,20183.53125,19740.38959,19859.51608,19930.11991,20847.73386,21088.47155,22162.33726
Haiti,,,,,,,1722.614452,1734.814103,1738.574765,1752.26911,1743.996474,1688.76035,1647.259136,1624.264913,1546.667418,1537.486811,1569.152212,1596.598742,1586.609358,1613.761002,1505.867375,1570.134675,1600.389998,1634.225383,1662.886886,1657.645968,1681.42039,1665.462596
Hungary,,,,14174.53883,14588.80588,14745.49367,14696.67814,14972.22825,15613.35329,16130.9735,16994.48135,17668.35393,18480.36967,19361.47309,20201.24642,21115.39985,22039.92701,21823.7044,22174.99109,21079.002,21247.85939,21673.93438,21579.56461,22397.64364,23034.25869,23739.99272,,
IBRD only,,,,,,4899.68867,5085.670195,5268.484612,5347.567646,5506.554906,5780.535801,5950.671432,6167.59819,6520.727295,6964.688235,7405.963407,7974.284449,8674.875352,9078.42423,9231.426105,9816.192987,9904.423881,10323.32927,10733.97465,11218.63568,11643.10116,12121.84211,12660.86918
IDA & IBRD total,,,,,,4288.045846,4438.74787,4580.853253,4640.39387,4763.800823,4970.156505,5105.850511,5274.648187,5558.959349,5935.050315,6283.909559,6747.627944,7294.789357,7606.525814,7723.01478,8178.768606,8236.694906,8558.622911,8868.559246,9249.910477,9566.319102,9914.20777,10320.32414
IDA total,1967.337711,1943.60726,1950.137032,1914.394903,1907.836581,1940.254053,1983.006986,1995.014555,2012.177799,2032.24175,2015.277528,2064.343352,2099.738443,2182.381867,2368.098149,2443.900645,2603.379787,2690.236868,2758.406096,2817.855876,2923.746026,2962.652189,3048.222404,3116.562166,3258.304625,3325.992335,3363.432404,3464.095369
IDA blend,2853.50722,2810.533462,2815.317902,2729.85502,2752.573167,2800.589532,2852.515063,2840.947943,2847.614704,2870.652796,2808.059191,2886.587792,2939.829767,3086.857325,3486.881569,3574.672093,3855.427229,3942.235704,4007.84141,4088.805235,4273.082571,4339.55069,4444.654846,4586.194471,4774.774536,4890.746399,4908.91224,
Indonesia,,,,,,,,,,,,,,,,,,,,,8210.188345,8593.064546,8995.456847,9361.844879,9678.527519,10037.26486,10436.50786,10846.33795
IDA only,,,,,1427.290286,1452.892361,1496.227744,1533.358804,1564.12127,1586.52777,1610.351393,1643.721217,1671.34621,1716.805576,1766.526145,1841.976556,1928.74597,2022.035938,2096.318482,2144.726681,2204.415369,2267.285197,2344.342331,2369.758759,2488.940309,2529.050801,2580.202417,2674.608935
Isle of Man,,,,,,,,,,,,,,,,,,,,,,,,,,,,
India,1732.873714,1712.13408,1770.159332,1820.622358,1906.539293,2015.027736,2130.23465,2177.004488,2269.436364,2427.861896,2470.08829,2549.42588,2606.621471,2763.376817,2935.28315,3156.7218,3393.789608,3683.656063,3764.267074,4025.803188,4357.164293,4595.112953,4770.631582,5010.320727,5322.162099,5690.722033,6025.885214,
Not classified,,,,,,,,,,,,,,,,,,,,,,,,,,,,
Ireland,,,,,,23920.6407,25753.30586,27658.32388,29464.39436,31337.67649,33829.67443,34433.30648,35318.189,36956.46489,38964.41308,40550.21501,42238.4549,42574.68459,40141.72216,36550.99696,37118.85822,36955.06487,37002.26272,38911.73122,42070.54017,48551.42705,,
"Iran, Islamic Rep.",11419.53065,12562.81678,12718.74103,12721.43503,12255.49241,12538.74259,12730.90446,12669.96463,12795.19351,12532.9638,13125.85636,13051.34147,13845.49752,14862.34115,15287.58792,15589.34666,16217.98638,17385.12393,17242.67298,17157.21635,17945.70001,18193.50032,16735.95316,16489.94864,16970.33983,16536.77997,18543.83504,
Iraq,,,,,,,,,,,,,,,,,,,,,,13247.20821,,,,,,
Iceland,,,,,,,28217.79391,29414.94383,31171.21243,32065.40799,32805.65921,33849.61074,35108.70572,35260.4239,36608.87423,37755.76586,37805.48312,40969.7848,34281.94163,33062.65681,32525.39684,34552.10691,36094.63057,40518.91077,40787.02114,42425.07612,,
Israel,19798.29226,20262.37178,21044.15557,21334.84827,22307.04614,23252.31694,23755.80875,23915.27385,24347.84836,24346.03342,25124.28664,25097.31365,24775.09575,24529.47128,25389.0306,26528.02401,27555.50347,28703.24953,28528.87392,28082.86205,29170.23811,30161.06444,29826.52302,30634.94204,31468.92031,31733.75953,32273.10427,
Italy,30728.79122,31124.31332,31314.58764,31103.69848,31717.14102,32742.06386,33236.94948,34006.91286,34512.79994,35173.75834,36393.93289,37046.16671,37029.68453,36906.68323,37369.60496,37660.84667,38391.64385,38641.9119,37607.65919,35687.55779,36128.2235,36251.29897,35178.19266,34161.22738,33946.412,34114.81597,34733.1504,
Jamaica,,,,,,,,,,,,,,,,,,8218.431331,8212.191926,7703.939114,7698.533372,7841.474181,7898.621772,7833.994696,7875.414048,7841.377961,7832.229416,
Jordan,5922.560038,5577.031617,6376.726862,6383.44882,6405.869871,6607.137995,6533.295367,6681.708667,6823.622514,6922.787322,7308.655073,7603.237353,7819.298264,8017.844672,8565.406133,8991.987966,9387.925942,9758.131703,9876.117944,9888.261866,9390.917738,9129.698986,8854.629976,8668.891782,8524.784434,8391.974492,8319.8638,8288.462845
Japan,30827.50555,31790.86205,32030.14299,31794.13131,31973.80061,32730.90985,33768.46825,34084.44619,33586.29684,33437.04591,34386.2036,34476.82747,34399.46123,34906.33283,35769.68076,36461.29071,37113.53976,37820.61093,37233.39344,35174.54124,36685.09594,36788.07719,37340.72969,38386.64624,38674.88326,39322.0601,38266.7324,
Kazakhstan,,,,10593.17476,9368.232836,8735.016366,8893.312647,9160.328194,9150.867174,9302.627034,9902.488625,11419.46168,12660.35383,13634.3088,14666.22676,15407.03377,16243.25172,17221.73041,16854.98007,17677.2043,17924.89245,18214.64343,19163.44618,21007.4945,21698.7896,23164.27292,22053.97467,
Kenya,2296.614474,2244.866387,2161.00608,2057.380889,2068.280615,2130.20231,2191.114405,2151.31732,2169.362577,2150.402443,2111.507821,2130.415089,2088.492647,2088.283026,2140.717778,2223.364493,2297.745261,2384.455946,2333.261405,2344.38249,2467.064075,2557.387654,2595.142033,2654.493276,2715.737017,2806.193535,2898.48461,2960.799699
Kyrgyz Republic,3420.353801,3096.472111,2639.419608,2223.960762,1757.995451,1634.236822,1727.763932,1846.412606,1843.350387,1858.953806,1931.575964,2055.527934,2042.595085,2169.13252,2264.557848,2257.862878,2342.997901,2526.619127,2649.188899,2699.843966,2601.464958,2610.053585,2763.98855,2927.120446,3026.041032,3085.747585,3113.279133,3255.238583
Cambodia,,,,,,1084.262789,1106.261004,1133.004406,1148.237977,1249.916101,1346.96681,1414.07545,1466.582237,1573.647578,1704.308344,1888.621033,2062.165056,2255.510184,2354.846171,2313.977567,2410.128952,2534.355327,2661.188316,2787.470031,2944.533061,3085.766029,3246.007073,3412.937431
Kiribati,,,,,,,,,,,,,,,,,,,,,,2344.333224,,,,,,
St. Kitts and Nevis,,,,,,,,,,,,,,,,,,,,,,20954.16097,,,,,,
"Korea, Rep.",11613.76668,12687.23276,13326.09743,14090.77472,15212.75499,16482.42708,17572.84786,18400.28715,17120.58961,18973.50891,20600.73744,21377.37504,22901.95373,23456.56697,24556.29223,25315.28616,26599.98541,27931.67364,28590.36434,28579.12943,30386.83367,31412.43043,32099.13367,32781.46813,33533.90767,34276.44144,35121.62891,35944.70949
Kuwait,,,,,,,,,,,,,,,,,,,,,80123.49848,82076.30725,83690.49959,79961.51577,77371.35975,73657.40356,74109.0366,
Latin America & Caribbean (excluding high income),,,,,,,,,,,,,,,,,,,,,,,,,,,,
Lao PDR,,,,,,,,,,,2416.26456,2512.713038,2625.278353,2696.086341,2858.297534,3058.644157,3156.514086,3415.045071,3576.174588,3853.760799,3972.07056,4190.592516,4526.47435,4861.139876,5215.730182,5523.483952,5822.180173,6070.11563
Lebanon,,,,,12297.59067,12944.93929,13298.10796,12801.59286,13020.18331,12834.70701,12778.36835,12474.00009,11740.31456,9958.673956,11809.87217,12148.79593,12326.70481,13687.28836,14797.32806,15682.15702,16229.87717,15599.93793,14983.77218,14331.06221,13656.71234,13173.6621,13010.97208,13377.72984
Liberia,,,,,,,,,,,656.2894907,568.7096689,538.9896898,332.2665071,502.6256897,516.1239899,528.4406347,582.5294168,592.3538306,612.754788,619.4150652,675.0038868,669.2343389,711.4325508,701.5220807,694.1344713,667.4545607,
Libya,,,,,,,,,,,,,,,,,,,,,,11210.70796,,,,,,
St. Lucia,,,,,,,,,,,,,,,,,,,,,,11945.18016,,,,,,
Latin America & Caribbean,,,,,,,,,,,,,,,,,,,,,,,,,,,,
Least developed countries: UN classification,,,,,,1293.48968,1336.992952,1367.603166,1395.025125,1415.760479,1434.464115,1470.385865,1508.642024,1546.174956,1588.176246,1658.80558,1750.098512,1869.130544,1928.38345,2014.265944,2052.81868,2129.164843,2185.600524,2208.577265,2325.208401,2359.938419,2391.519603,2459.165823
Low income,,,,,,,,,,,1319.870997,1340.827401,1348.373481,1381.908306,1417.383728,1466.720834,1506.505349,1552.928163,1575.795299,1622.158452,1673.931955,1679.609804,1742.079193,1795.057682,1845.148598,1821.865622,1824.106586,
Liechtenstein,,,,,,,,,,,,,,,,,,,,,,,,,,,,
Sri Lanka,3586.596869,3702.848789,3844.21168,4075.628272,4238.120159,4407.379638,4538.420244,4813.52516,4991.172409,5166.598921,5439.406668,5322.251027,5505.591799,5818.431009,6082.070502,6398.142629,6828.618457,7261.831227,7551.868448,7853.825438,8434.900196,9101.617012,9803.820323,9996.408352,10402.53102,10790.60604,11118.47772,11325.62717
Lower middle income,2659.579585,2603.742947,2605.259143,2576.222463,2600.504862,2670.739877,2770.183601,2826.48187,2912.395784,3030.666859,3093.258758,3191.766635,3264.805387,3426.812301,3661.035593,3844.888552,4110.58922,4379.523404,4501.404936,4678.802315,4951.07804,5136.116251,5314.382211,5512.727535,5765.840852,6035.061115,6282.333506,
Low & middle income,,,,,,4115.450093,4257.146123,4385.232685,4437.889388,4570.458842,4777.412239,4919.888475,5108.077642,5383.871578,5748.833997,6086.788381,6545.141023,7082.917585,7385.751117,7519.558591,7969.038791,7991.674863,8317.658807,8627.633682,9016.987192,9334.804619,9692.621253,10096.0962
Lesotho,,,,,,,,,,,,,,,,,,2874.801544,2988.555175,2894.160245,2976.685787,2956.940548,3007.06168,2991.465244,2971.911898,3039.139627,3123.852753,
Late-demographic dividend,,,,,,5111.288013,5307.262148,5520.311767,5559.126738,5829.846583,6261.703983,6612.33781,6998.516052,7501.908757,8114.45064,8698.391039,9520.608382,10513.85498,11206.46637,11504.00834,12306.37873,12417.78676,13166.08021,13794.11324,14541.6885,15147.21838,15802.09647,16604.53492
Lithuania,,,,,,,,,,,,,,,16587.13844,18273.3091,19833.66763,21880.94065,22755.62868,20672.49173,20672.31763,22015.41694,23325.83833,24491.68393,25912.35026,25922.18598,26884.32086,
Luxembourg,69881.95759,74820.25868,75558.56772,75538.28047,74728.34846,77325.99141,77153.95284,82570.51681,84477.44025,88175.89522,94680.73992,98064.37299,91694.46907,86247.59704,95628.48491,101478.6616,98914.06,117620.3821,110012.7501,82134.93591,67139.18951,64050.61759,62591.82031,60703.16689,60405.39282,62197.8326,64970.61327,
Latvia,,,,,,8344.826331,8630.187101,9506.431073,10213.77409,10401.54228,11161.78546,12087.26289,13080.24519,14230.21926,15344.61611,17346.59762,19304.85332,21283.86688,21111.49748,19928.93331,18481.51623,19767.9833,20686.8946,21518.51391,22093.75332,22889.05646,23685.11143,
"Macao SAR, China",,,,,,,,,,,,,44533.55134,47834.81791,57337.15619,59923.62351,64003.7572,78633.58019,72335.61835,72431.45093,87342.97355,100997.1065,105868.1384,112769.3303,110742.8668,91187.20306,88485.77571,
St. Martin (French part),,,,,,,,,,,,,,,,,,,,,,,,,,,,
Morocco,3799.892794,3990.121523,3849.006851,3734.682673,4085.251335,3787.627754,4229.198821,4103.715879,4372.0902,4368.98338,4393.712598,4664.683828,4767.61344,5001.874572,5200.323398,5337.22821,5668.782636,5812.305672,6092.875687,6198.79164,6352.921264,6575.583111,6655.563295,6901.009297,6913.769049,7154.89074,7148.542148,7339.621319
Monaco,,,,,,,,,,,,,,,,,,,,,,,,,,,,
Moldova,,,,,,2567.013473,2536.047863,2571.45439,2396.284372,2316.598739,2361.793491,2631.366209,2845.423447,3194.692774,3472.040625,3708.260627,3881.645832,3923.692485,4247.383874,3853.835342,4236.174174,4523.264574,4620.242548,5040.461697,5252.353752,5084.201045,5311.391561,
Madagascar,1590.422891,1416.050969,1416.241415,1409.493205,1353.693897,1334.175552,1333.538098,1358.024073,1374.946956,1406.067783,1418.14683,1464.098231,1235.603388,1318.657717,1341.65187,1368.356935,1397.461243,1452.048971,1514.914526,1406.902479,1370.881228,1346.07654,1326.297639,1320.185276,1332.143559,1323.228174,1338.807586,
Maldives,,,,,,,,,,,,,,,,,,,,,,11321.25397,,,,,,
Middle East & North Africa,,,,,,,,,,,13357.87513,13361.42852,13344.1952,14007.42777,14549.15145,14912.48199,15457.11513,16082.91881,16386.21572,16143.5358,16545.32715,16849.33565,16800.93601,16894.20966,17154.3446,17304.38697,17823.92365,
Mexico,12689.57896,13030.05287,13245.02624,13622.3085,13895.8059,12046.95458,12863.73603,13538.73528,13921.79746,14314.83293,14814.39449,14485.91185,14371.19463,14667.40253,15187.28089,15290.59252,15731.3054,16283.02414,16262.34433,15227.72628,15770.35303,15960.05686,16164.55632,15990.8287,16292.07936,16569.31983,16622.60695,16944.09546
Marshall Islands,,,,,,,,,,,,,,,4085.328053,4237.791082,4241.149174,4375.849751,4231.258122,4145.596038,4220.588806,4279.856936,4247.178399,4459.434806,4656.478743,4982.512286,,
Middle income,,,,,,4399.84399,4555.886121,4698.672156,4759.375507,4908.005641,5139.095443,5299.491173,5511.794786,5819.477293,6226.439812,6603.731622,7116.463967,7718.694872,8063.865066,8219.422231,8726.829019,8762.509344,9132.293206,9486.004275,9930.288636,10303.62605,10720.83747,11184.89806
"Macedonia, FYR",9525.833988,8998.705733,8264.604868,7704.379769,7629.533984,7569.844502,7615.397496,7665.255079,7873.214747,8125.597606,8458.027385,8256.61265,8321.9903,8482.09366,8915.115712,9215.540302,9808.130828,9984.542271,10906.30337,10910.52631,11191.28909,11404.63853,11296.98852,11590.76611,12058.45476,12336.44682,12556.83103,12504.94561
Mali,1268.9625,1394.527156,1314.758033,1325.547181,1323.982216,1292.552791,1347.638715,1374.054888,1442.179213,1491.908862,1454.011208,1568.239287,1547.697037,1684.213383,1658.000835,1711.557231,1723.325646,1743.668533,1774.829789,1795.049937,1800.783848,1807.996013,1730.872955,1740.560131,1810.173871,1865.025124,1901.16191,1952.94601
Malta,,,,,,,,,,,24116.64668,24804.92842,25258.47235,25470.18007,25488.90957,25521.10579,25777.74552,26833.76555,27733.46758,25682.74724,26878.73879,27690.82344,27954.87466,28737.76092,30360.52144,32754.5853,33025.13422,
Myanmar,,,,,,,,,,,,,,,,,,,,,,3897.585753,,,,,,
Middle East & North Africa (excluding high income),8161.327928,8464.593267,8539.38027,8442.343301,8320.36037,8425.479616,8635.862799,8684.98857,8882.498931,8907.521569,9171.04107,9280.37965,9534.679526,9944.44819,10212.29878,10427.78117,10822.27217,11427.98662,11584.69183,11645.11498,11960.22792,11405.48316,11054.07286,11013.8252,11179.74341,11082.14216,11687.82872,
Montenegro,,,,,,,,,,,10917.88631,11056.45249,11267.69826,11500.72185,11912.96212,11893.60699,12986.55783,13762.58832,14777.38625,13706.66177,13924.3832,14588.9203,14308.64875,14845.55213,15000.06858,15701.85506,15961.22854,16778.70192
Mongolia,,,,,,,,,,,,,,,,,,,,,7105.266887,8149.6076,9014.283651,10123.91882,10441.17989,10510.54447,10618.27631,10103.05023
Northern Mariana Islands,,,,,,,,,,,,,,,,,,,,,,,,,,,,
Mozambique,366.1064428,373.4879576,334.3284528,351.5725252,358.4184603,360.2032992,448.7647162,485.6637969,530.4131379,565.0480439,544.1793435,595.0173251,577.9419623,653.1949871,673.281319,708.8886386,731.8793483,773.7111112,808.4098292,862.5758263,887.2951607,940.9846356,988.7346716,1030.014038,1065.758071,1093.769484,1098.284628,1092.688158
Mauritania,2680.216291,2702.658846,2689.672304,2749.968738,2588.951329,2763.396775,3015.801247,2795.883098,2806.579465,2937.482022,2811.127988,2692.461893,2805.237007,2877.388308,2954.206302,3111.345031,3392.75616,3418.162703,3406.898969,3349.766744,3288.941545,3270.698598,3337.652365,3472.04662,3589.957059,3504.561452,3520.062629,3591.761196
Mauritius,7328.740194,7648.071979,8050.715978,8341.374858,8500.621257,8806.856016,9156.806946,9611.694752,10066.98816,10208.15049,11010.69275,11308.41713,11465.33196,11704.90279,12338.15965,12429.14597,13505.19009,14512.11352,15060.52682,15248.1593,16110.40333,16607.00133,17149.24384,17665.10764,17827.4158,18733.23345,19467.75836,
Malawi,,,,,,,,,,,,,782.8462663,805.753101,826.6663945,831.9135327,846.5072806,904.2042404,944.4786312,986.9889583,1016.918519,1036.007035,1015.74957,1030.467831,1059.043312,1052.459605,1052.859192,1064.416511
Malaysia,10169.83204,10769.48093,11396.13952,12266.26724,13066.72309,13991.64554,14998.46841,15589.33283,14053.53159,14332.75381,15076.33575,14979.67027,15564.99359,16302.28475,17089.64828,17778.45907,18703.0124,19675.52112,20041.81903,19606.57362,20443.23566,21301.96152,21759.53065,22459.59133,23402.95686,24323.91735,24967.9882,26107.27002
North America,36662.36315,36073.48185,36750.35494,37273.10808,38274.64478,38883.21342,39838.37726,41092.41479,42380.45917,43920.95663,45316.37343,45383.14541,45804.96858,46705.59708,48070.72416,49208.19547,49959.50604,50556.70547,50111.38022,48219.83468,49172.09221,49725.92282,50362.57715,50863.44658,51715.25417,52617.6851,52954.57741,
Namibia,5783.83424,6147.708096,6227.037418,6026.647576,5925.281131,6122.820555,6010.848729,6061.980461,6117.411348,6006.152356,6160.309894,6068.494282,6337.96794,6753.498766,7251.948114,7155.460497,7636.036977,7954.805792,8074.889476,7961.612329,8139.091978,8486.178666,8591.908064,9192.015995,9599.217387,9929.468147,9582.314124,9387.195907
New Caledonia,,,,,,,,,,,,,,,,,,,,,,,,,,,,
Niger,,,,,,,,,,,,,,,,,778.3645421,773.1675276,813.4971284,775.3994181,808.0107057,795.3893326,846.005072,852.9188836,887.8181406,889.0363413,897.5171097,905.8680486
Nigeria,2792.392095,2706.969764,2618.459737,2505.766744,2539.845252,2568.873077,2652.381537,2669.429734,2645.037416,2672.197896,2450.536178,2637.643546,2644.968601,2808.98317,3685.941962,3669.013371,4229.296354,4210.624201,4349.39672,4475.746955,4861.650345,4969.914953,5065.762254,5205.294236,5480.201122,5527.085712,5325.568998,
Nicaragua,,,,,2452.521142,2651.25341,2821.081637,2932.838159,3058.845848,3223.266723,3310.097662,3338.971609,3339.433,3388.624111,3540.090524,3681.101677,3741.522847,3902.300869,4086.678562,3900.9765,4023.304036,4226.230884,4447.641597,4613.276688,4780.010373,5009.556423,5145.112681,5157.315656
Netherlands,31977.42271,32601.10951,32814.70512,33171.57046,34115.62746,35210.43845,36345.47193,37458.14094,38422.07359,40786.00507,42394.5752,42009.73527,41879.29892,42364.30181,43207.62453,43230.25556,45673.64878,46949.68874,46259.66894,45171.7813,45898.91748,46909.12755,46344.43179,45824.08913,45556.83719,46239.29279,46711.06436,
Norway,41742.13009,42706.80422,44396.64214,45329.20258,47588.69652,49489.17115,51736.26938,54210.39552,55284.33565,56126.78076,57237.76236,58904.469,59539.81177,59898.16422,61677.8219,63424.33035,63793.07677,64771.8045,64168.00949,62932.21176,62909.95824,62644.80842,63437.85238,63487.82491,65684.33545,67028.07537,67340.22668,
Nepal,,,,,,,,,,,,1591.497794,1559.098307,1595.587962,1643.758305,1688.811801,1733.406559,1778.234777,1867.313082,1936.711622,2001.180738,2042.30414,2120.400823,2180.699825,2304.805508,2352.788457,2334.420219,2470.988021
Nauru,,,,,,,,,,,,,,,,,,,,,,8161.657615,,,,,,
New Zealand,,,,,,,,,24835.10627,25629.50639,26135.1547,27123.40811,28022.74938,28781.09607,29000.25398,29375.80527,29696.19387,30338.64181,29591.07168,30886.84231,30529.6325,31252.24815,31994.99483,32376.80251,32999.00186,33643.11781,33678.60485,
OECD members,26925.28005,27081.02432,27421.44962,27600.07571,28175.89335,28642.96231,29388.89471,30237.86203,30855.87265,31698.84771,32817.38591,32990.4496,33284.29613,33809.36855,34771.08805,35533.34528,36364.41747,37076.01729,36848.80769,35366.80967,36268.1551,36822.24558,37064.10013,37391.0268,37921.09052,38582.87721,38846.5688,
Oman,,,,,,,,,,,43275.85138,44804.22676,43059.0247,41600.45106,41340.17198,40624.56629,38745.45708,42464.80246,43201.29397,43539.02791,42953.81047,39555.79248,40428.82291,40319.9528,38332.83971,38979.7202,,
Other small states,,,,,,,,,,,,,,,14697.82554,15290.3506,17093.80315,18522.93577,19085.17644,18988.01333,19786.16375,20912.83664,21295.95624,21873.34549,22165.16329,23123.89373,,
Pakistan,3194.568561,3200.6011,3310.89952,3272.344863,3292.188041,3387.387201,3424.024563,3357.758478,3355.738603,3399.574506,3450.947071,3441.87126,3545.751513,3737.029423,3894.540407,4101.113774,4254.537427,4364.60147,4358.037929,4418.207984,4446.683762,4503.180809,4589.289104,4691.406107,4831.750815,4978.214976,5154.976879,5311.219289
Panama,7596.772858,7913.95432,8494.676572,8973.179184,9154.760444,8957.498045,9183.83425,9464.871923,9928.305051,9990.168632,10225.92791,10029.99799,10395.69643,10287.71883,10706.23669,11198.72361,11965.41973,13035.15995,14169.7534,14003.19323,14178.70607,16080.76137,17224.14638,17905.34724,18677.428,18167.0782,18494.05158,
Peru,5019.420155,5168.695991,5040.209195,5161.267407,5711.076934,6004.436093,6147.280576,6462.23391,6404.201624,6407.195622,6460.144113,6451.802317,6683.336595,6811.92867,6933.564199,7193.591961,7460.122261,8019.013455,8738.41847,8783.644117,9250.355477,9666.398079,10282.00008,10910.43133,11067.17246,11420.11463,11634.83839,11789.34824
Philippines,3961.783057,3888.493976,3865.958338,3875.69549,3997.751711,4099.434208,4272.834039,4466.284291,4693.494681,4717.354334,4972.407359,5042.813966,5143.677523,5270.457912,5495.243871,5677.509473,5827.441242,6065.479758,6232.490301,6420.636736,6754.462493,6836.48041,7204.515818,7667.411502,7979.56244,8322.829317,8728.96953,9153.54352
Palau,,,,,,,,,,,,,,,,,,13388.06384,12282.29868,12070.09433,11804.76466,12500.30507,12813.01417,12297.53796,12629.64515,13399.80949,13466.45855,
Papua New Guinea,,,,,,,,,,,,,,,,,,,,,,2961.5085,,,,,,
Poland,,9208.362824,9316.830501,9695.734597,10480.77866,11136.1555,11892.09256,12644.10369,13230.8025,13862.53716,,,,,16083.58325,16903.97996,17887.71684,18966.92515,20005.3841,20354.83262,21056.01614,22108.10655,22497.14547,22845.2704,23514.20031,24417.71573,24983.11873,26150.40263
Pre-demographic dividend,2029.624907,1976.755608,1930.943995,1862.323873,1856.140082,1867.781544,1934.123507,1963.836648,1977.599982,1982.178382,1897.636065,1984.129182,2009.596923,2089.338595,2364.522077,2420.62685,2652.547796,2755.278954,2819.271661,2921.446371,3023.877596,3100.257552,3147.791898,3166.682724,3355.333981,3425.39485,3384.143137,
Puerto Rico,20163.04861,20618.42092,20434.00079,21063.27235,21294.68817,23329.80095,21839.56251,22820.83141,22130.03018,23903.60626,25002.35433,23756.0452,23138.14734,22762.721,25802.28219,25252.12839,25329.51829,25878.18965,24711.17038,23294.87108,22444.53849,22394.86024,23946.44915,24267.90729,24260.78534,24224.24487,22449.88746,
"Korea, Dem. People’s Rep.",,,,,,,,,,,,,,,,,,,,,,,,,,,,
Portugal,20108.89822,21078.71406,21421.07082,20975.68108,21061.97963,22018.47932,22607.86107,23334.45424,24291.21571,25095.42827,25509.64983,25794.50004,25913.42385,25701.45655,26041.07144,26181.93356,26101.63584,26694.44356,26526.36243,25753.34067,26317.6891,26264.24331,25180.42235,25304.57415,25572.01573,25859.73132,26520.69904,
Paraguay,,,,,,5966.783364,6279.961825,6197.429562,6052.570606,5818.411679,5313.211178,5204.467206,5216.828885,4825.4377,5052.876848,5131.475508,5538.416882,6095.714902,6486.910479,6036.972056,6780.360056,7122.044306,6814.233377,7754.865715,8091.526183,8192.010813,8423.704851,8380.129335
West Bank and Gaza,,,,,3063.848926,3154.839934,3206.858869,3843.861725,4868.598509,5593.17822,4701.484332,4139.024065,3916.979052,4183.811162,4385.316789,4827.475382,4545.779358,4398.925955,3970.659443,4480.812025,4450.36456,4668.321069,5220.964729,4914.115951,4817.078115,5352.842214,5410.061695,5055.086173
Pacific island small states,,,,,,,,,,,,,,,,,,,,,,,,,,,,
Post-demographic dividend,28540.89545,28677.45962,28984.6477,29066.90175,29673.81722,30312.90789,31028.819,31905.14479,32554.61443,33546.30919,34770.62902,35141.52788,35512.96497,36133.53383,37192.12146,38019.37327,38945.52499,39726.38511,39510.20672,37958.86897,38969.48842,39528.14833,39766.61452,40110.17363,40652.17868,41267.0226,41583.76924,
French Polynesia,,,,,,,,,,,,,,,,,,,,,,,,,,,,
Qatar,,,,,,,,,,,,,,,110739.4023,99277.20742,113337.9112,113447.1955,113127.6462,108022.8212,114064.25,119118.3992,117142.5347,116325.7286,115743.0821,117896.0997,,
Romania,11410.76559,10056.53295,9227.05775,9364.327339,9754.711998,10452.27149,10871.65243,10369.27477,10145.13238,10115.7502,10420.44488,11166.58108,11918.81667,12511.80116,13375.96153,14185.81351,15341.56662,16619.30302,18433.21577,17684.00255,17290.34247,17698.38887,17986.5974,18597.1804,19434.34571,20049.28742,21060.14962,22645.53847
Russian Federation,20684.88782,19584.37313,16589.57344,15175.29779,13366.10494,12760.6396,12253.87767,12356.76007,11460.75349,12243.65203,13701.46725,14677.77425,15365.4706,16358.01121,17761.45388,18894.88065,20380.77856,22336.82387,23335.38166,21462.78186,22425.18546,23595.16044,24377.28913,24655.45,24458.4474,23909.42309,23843.25688,24232.5558
Rwanda,869.3318139,868.5450828,968.1967135,944.2714628,493.9212164,681.8653669,736.4670634,786.5894065,790.5635394,768.2634665,785.7044456,817.6602231,905.2106133,905.8577249,958.2222215,1033.219472,1102.963645,1162.732091,1254.773471,1297.31652,1355.254519,1424.469573,1501.910197,1525.244,1593.300471,1688.296975,1743.803503,1811.223531
South Asia,1846.820364,1834.062597,1895.796859,1937.351115,2010.389576,2109.610914,2206.654367,2243.478433,2321.638139,2455.02737,2501.41317,2564.006915,2623.71031,2771.534406,2927.749779,3131.449989,3345.802024,3598.380726,3677.106757,3899.614506,4173.595945,4379.104961,4547.545849,4753.117718,5018.109243,5329.608639,5619.10139,
Saudi Arabia,,,,,,,,,,,43138.04902,41668.03768,39327.09243,42379.00075,44548.88598,45797.92803,45894.4103,45737.85721,47507.61753,45222.68816,45951.05948,49224.71933,50305.06114,50239.75404,50786.95389,51885.02689,51329.27537,49680.22069
Sudan,1593.419275,1567.406275,1671.533792,1731.94407,1754.613038,1827.457389,1936.799235,2102.971056,2127.653121,2117.786537,2134.52235,2195.544465,2286.90194,2355.026022,2369.538018,2502.669817,2728.924187,2937.493285,3092.630184,3108.720947,3109.342323,3482.627218,3805.785082,2801.06897,3823.913544,3937.770062,4014.995094,4119.151849
Senegal,1776.591293,1766.825454,1758.260536,1707.257644,1658.922305,1708.878077,1728.33342,1737.066731,1804.01536,1860.150319,1870.950247,1914.850885,1873.236996,1957.539196,2024.087627,2083.669718,2085.703627,2130.823852,2155.846332,2126.685573,2156.860554,2115.919959,2141.657,2148.561504,2164.021795,2227.423089,2297.415847,2384.177299
Singapore,33996.45217,35068.73673,37017.77194,39412.27914,43305.79787,45227.99084,46036.52873,49488.80631,46546.5158,48825.43934,51366.50082,49309.7608,50016.64521,52670.31477,54765.5809,57709.49138,62963.31295,66163.34627,63092.31871,60728.28067,71681.21255,73255.30009,73241.4936,76008.06173,79051.032,78742.13456,78427.3221,82503.12701
Solomon Islands,,,,,,,,,,,,,,,,,,,,,,1493.836979,,,,,,
Sierra Leone,,,,,,,,,,,,802.8068901,971.8372523,1017.368368,1033.602627,1037.398848,1049.397972,1178.955034,1244.972731,1267.645837,1213.798978,1228.827632,1449.262742,1646.760577,1658.278024,1296.905295,1216.358786,
El Salvador,4399.74077,4472.316852,4832.485321,5132.208966,5415.608186,5689.579171,5727.241176,5910.760761,6079.411661,6133.065664,6231.681864,6310.992608,6379.59109,6440.387204,6541.907951,6766.99791,7040.656834,7285.193548,7470.286849,7103.214017,7145.0171,7229.564467,7144.814373,7217.000979,7327.567668,7563.356671,7662.92021,6868.107606
San Marino,,,,,,,,,,,,,,,,,,,,,,,,,,,,
Somalia,,,,,,,,,,,,,,,,,,,,,,,,,,,,
Serbia,,,,,,,,8157.513885,8354.923973,7343.163443,7986.94177,8404.427556,8968.87615,9364.693777,10213.59486,10772.30736,11330.73685,11962.65356,12562.41037,12361.68449,12404.80219,12673.91689,12454.10713,12740.8647,12574.40458,12600.77983,12876.98702,13018.70813
Sub-Saharan Africa (excluding high income),2315.081778,2263.565871,2197.1987,2143.458343,2138.782869,2157.34029,2214.656226,2240.266772,2236.443233,2231.593141,2183.442902,2243.90046,2274.924596,2337.309909,2561.710184,2627.474911,2814.712338,2893.563213,2945.073289,2986.382474,3069.864239,3136.495511,3184.085001,3220.708901,3363.056662,3418.519543,3385.610389,
South Sudan,,,,,,,,,,,,,,,,,,,,,,2132.23178,,,,,,
Sub-Saharan Africa,2316.656048,2265.109519,2198.703796,2144.928484,2140.249971,2158.823542,2216.182291,2241.814655,2237.990379,2233.138786,2184.959856,2245.466274,2276.510959,2338.950073,2563.516568,2629.334057,2816.705846,2895.619341,2947.167518,2988.5133,3072.054449,3138.225913,3185.847042,3222.49392,3364.924258,3420.419448,3387.496213,
Small states,,,,,,,,,,,,,,,12994.00093,13552.5144,15173.04682,16477.23793,17003.16209,16923.04749,17647.17041,18417.63947,18875.78358,19400.94675,19694.42938,20556.67341,,
Sao Tome and Principe,,,,,,,,,,,,,,,,,,,,,,2704.886813,,,,,,
Suriname,,,,,,,,,,,,,,,,,,,,,,14005.55686,,,,,,
Slovak Republic,,,,,,,,,,,,,,,17965.37386,19432.61022,21030.38629,23310.29745,24895.73523,23800.60531,24584.57337,24895.7355,25716.26818,26328.34886,26807.64858,27850.60475,,
Slovenia,,,,,,,,,,,,,,,25685.66619,26793.08883,28130.50987,29588.80971,30414.24719,28059.11452,28409.36909,28575.71577,27780.19594,27472.86161,28386.44474,28371.02345,,
Sweden,30254.5091,29411.92178,28372.61309,27395.25926,28968.52926,30021.59026,30488.89303,31385.37841,33039.31871,35170.62328,36863.73959,37347.10544,38068.53011,39478.63366,40543.54976,41852.55106,44111.52014,45467.78186,45055.18105,41929.44059,44204.84552,44722.22256,44378.28493,44473.75023,45149.05321,46380.42019,47377.92327,
Eswatini,5658.910927,5644.701288,5720.582237,5624.619957,5390.013903,5877.182019,6155.062482,6206.585771,5974.778082,6139.507616,5954.018462,6233.614381,6062.306395,6126.149341,6432.948955,7140.347879,7087.667304,7340.230457,7172.83247,7008.113135,6922.133952,7276.789403,7491.061584,7939.290311,7889.580307,7836.390979,7702.040855,
Sint Maarten (Dutch part),,,,,,,,,,,,,,,,,,,,,,,,,,,,
Seychelles,,,,,,,,,,,,,,,,,,,,,,20991.22822,,,,,,
Syrian Arab Republic,,,,,,,,,,,,,,,,,,,,,,,,,,,,
Turks and Caicos Islands,,,,,,,,,,,,,,,,,,,,,,,,,,,,
Chad,1096.767352,1166.619919,1225.004118,963.1690405,1055.89782,1037.818551,1022.132504,1038.261492,1085.489071,1039.386114,979.580711,1052.207226,1075.910283,978.3159642,1289.912146,1518.712853,,1498.937636,1450.111317,1677.171042,1860.386644,1815.431363,1914.282082,1911.711718,1984.478241,2013.680768,1849.678843,1750.185697
East Asia & Pacific (IDA & IBRD countries),,,,,,2922.878436,3150.935325,3348.381774,3462.988922,3669.21687,3938.278404,4169.752532,4484.92566,4865.333291,5287.602834,5739.327259,6363.519901,7140.098207,7713.08221,8216.805878,8950.116792,9620.504806,10301.70759,10900.94896,11623.8174,12236.57051,12922.94611,13684.87273
Europe & Central Asia (IDA & IBRD countries),13072.53531,12333.63461,10993.76295,10381.03613,9416.94408,9277.128184,9261.707407,9479.133985,9288.331717,9521.144713,10326.56743,10734.53733,11324.11394,12023.82865,13045.05158,13867.03618,14858.37216,15988.76701,16642.34462,15736.08151,16401.09089,17270.08227,17762.94361,18255.23203,18558.69345,18630.72264,18780.18883,19466.21197
Togo,1293.075424,1252.087978,1177.923324,974.5726719,1060.749234,1135.162388,1218.177568,1353.04427,1283.849711,1262.7311,1219.826405,1166.103301,1133.481402,1160.11552,1151.202477,1136.278289,1150.963744,1151.2098,,1050.046415,1051.969627,1050.369201,1033.025502,1017.760076,1135.31084,1374.140974,1406.915065,1453.432247
Thailand,6559.63398,7020.242102,7448.055543,8035.063252,8588.344746,9176.591225,9526.175244,9114.583222,8242.065119,8606.895587,9003.343177,9154.516312,9563.04212,10113.31662,10646.10607,11006.3603,11574.02812,12173.79272,12294.07823,12160.76904,12917.95905,13208.68056,13795.40196,13839.8696,14105.78841,14455.48345,14970.73067,
Tajikistan,,,,2059.494073,1564.708131,1338.802462,1062.871148,1116.157955,1159.659627,1186.477055,1246.492143,1344.150126,1460.208071,1571.865394,1738.804922,1832.39644,1919.338078,2047.511423,2183.370275,2210.780841,2695.866905,2820.044463,2962.674525,3156.309724,,,,
Turkmenistan,,,,,,,,,,,,,,,,,,,,,,10128.23362,,,,,,
Latin America & the Caribbean (IDA & IBRD countries),,,,,,,,,,,,,,,,,,,,,,,,,,,,
Timor-Leste,,,,,,,,,,,5029.857555,5223.756717,5597.80866,4604.098134,3295.501134,1758.489375,3093.717685,6448.089932,7012.46141,7996.460064,8004.73427,7860.23342,4640.022683,6097.880691,5492.277308,8003.042154,8045.308434,6846.390045
Middle East & North Africa (IDA & IBRD countries),8211.618946,8518.27261,8595.210017,8499.322185,8378.374747,8484.58896,8697.87997,8740.196073,8926.544356,8942.204673,9221.356523,9339.833137,9600.64771,10012.3455,10281.24206,10493.77435,10897.62124,11513.64568,11679.18054,11733.88586,12054.3608,11484.85989,11121.89747,11086.18636,11256.4631,11150.14206,11763.85697,
Tonga,,,,,,,,,,,,,,,,,,,,,,5246.358419,,,,,,
South Asia (IDA & IBRD),1846.820364,1834.062597,1895.796859,1937.351115,2010.389576,2109.610914,2206.654367,2243.478433,2321.638139,2455.02737,2501.41317,2564.006915,2623.71031,2771.534406,2927.749779,3131.449989,3345.802024,3598.380726,3677.106757,3899.614506,4173.595945,4379.104961,4547.545849,4753.117718,5018.109243,5329.608639,5619.10139,
Sub-Saharan Africa (IDA & IBRD countries),2316.656048,2265.109519,2198.703796,2144.928484,2140.249971,2158.823542,2216.182291,2241.814655,2237.990379,2233.138786,2184.959856,2245.466274,2276.510959,2338.950073,2563.516568,2629.334057,2816.705846,2895.619341,2947.167518,2988.5133,3072.054449,3138.225913,3185.847042,3222.49392,3364.924258,3420.419448,3387.496213,
Trinidad and Tobago,,,,,,,,,,,,,,,,,,,,,,27264.39809,,,,,,
Tunisia,5468.157337,5511.854592,5791.418517,5714.409941,5816.885505,5898.735448,6189.846371,6494.645073,6746.601614,7080.000479,7313.830046,7539.381918,7578.552861,7893.194893,8307.144483,8441.989349,8834.409913,9253.841074,9492.655687,9743.143974,9972.390873,9643.425607,9956.259904,10070.99196,,,,
Turkey,11214.21855,11099.47133,11481.8462,12174.02447,11316.89777,12089.32893,12803.61207,13562.26931,13719.11127,13009.64912,13656.49396,12518.06134,13208.09922,13766.70965,14946.00759,16129.34186,17060.21114,17730.21477,17656.14277,16580.0425,17803.94119,19489.7017,20128.46152,21453.43576,22203.33027,23124.59513,23500.02706,24803.98873
Tuvalu,,,,,,,,,,,,,,,,,,,,,,4745.650501,,,,,,
Tanzania,1416.455518,1406.053199,1365.034238,1339.630215,1321.284123,1338.533108,1377.099555,1381.755491,1403.010663,1435.737342,1463.153256,1481.888477,1578.82466,1627.727021,1703.13892,1782.600562,1845.48146,1917.145608,1964.393141,2007.493114,2068.503969,2169.386583,2194.870446,2294.864084,2376.146567,2449.188553,2541.962627,
Uganda,754.7703303,770.9481677,761.2449427,809.9120043,834.0669089,905.5724595,960.4176446,984.040654,1002.486258,1048.507149,1030.998017,1034.782522,1098.329249,1130.716524,1158.781164,1187.225057,1276.29577,1344.11309,1413.452171,1459.998927,1490.239951,1577.7988,1576.299729,1576.348664,1600.978449,1635.119284,1653.858913,1657.976334
Ukraine,10748.41043,9792.738607,8609.493666,7215.553577,5684.668146,4983.602756,4539.685349,4443.83008,4365.176768,4366.213595,4658.636539,5207.444865,5550.734319,6140.50443,6930.498174,7173.479044,7711.561356,8373.576099,8666.388515,7330.393348,7714.911703,8089.184907,8195.204102,8195.325788,8147.356675,7374.678882,7593.349497,8130.399165
Upper middle income,,,,,,5978.006766,6198.845655,6435.693618,6485.935033,6677.181953,7085.608543,7323.444599,7691.544095,8163.121398,8762.997083,9357.383547,10144.45968,11114.85412,11720.48065,11880.7071,12664.27002,12770.97387,13385.79526,13942.65741,14631.96443,15145.97308,15786.63525,16554.31519
Uruguay,9496.970631,9891.928227,10655.09606,10873.69259,11551.10076,11336.25146,11904.47379,12919.51238,13410.11969,13171.83598,12858.18602,12337.16661,11481.48894,11064.99617,11564.44219,12623.60839,13208.94457,14036.69823,14871.60844,15394.94135,16446.82655,17296.2486,17925.10457,18637.3925,19147.29776,19277.56631,19502.12613,19930.40834
United States,37369.98424,36822.21862,37592.34416,38114.84499,39116.06552,39723.25065,40761.15624,42033.35354,43360.81191,44910.20838,46266.8386,46318.41891,46689.58731,47655.91889,49073.95785,50239.59052,50972.57387,51582.42568,51094.63087,49189.99784,50178.08624,50708.12787,51388.76553,51878.34605,52751.93068,53741.38026,54104.11971,
Uzbekistan,,,,,,2226.818434,2215.81821,2272.22279,2344.230233,2411.234241,2452.806937,2518.737892,2595.620403,2681.827909,2877.271397,3050.560547,3222.250096,3678.983295,4018.185572,4124.085758,4359.60148,4645.473618,4992.827601,5378.590827,5629.058325,5811.370166,6135.195173,6470.082622
St. Vincent and the Grenadines,,,,,,,,,,,,,,,,,,,,,,9682.686922,,,,,,
"Venezuela, RB",14377.39646,15502.14615,15813.70968,15527.72856,14778.54597,15150.19174,14804.22149,15331.338,15133.39896,14116.21862,14386.92034,14538.13841,12815.0625,11622.24411,13394.19933,14813.16293,16208.62846,17724.57732,18153.9783,17078.35273,16443.12166,16552.67105,17220.52731,17151.72527,16725.32744,,,
British Virgin Islands,,,,,,,,,,,,,,,,,,,,,,,,,,,,
Virgin Islands (U.S.),,,,,,,,,,,,,,,,,,,,,,,,,,,,
Vietnam,,,,,1774.350513,1936.169682,2075.630021,2208.169167,2305.127652,2397.357621,2712.48001,2853.949879,3003.949377,3172.613093,3397.475673,3348.233962,3537.367102,3731.321546,3897.061295,4015.225212,4241.176262,4433.108464,4621.097443,4803.143055,5006.801155,5262.888165,5589.400051,5858.898113
Vanuatu,,,,,,,,,,,,,,,2412.515024,2439.794455,2635.271962,2685.613706,2946.331693,2881.163076,2845.301211,2829.202964,2722.451051,2873.856549,2894.794945,,,
World,9094.782279,9057.255419,9015.089402,8975.66615,9025.638561,9116.232458,9327.553675,9558.797829,9681.660459,9922.132348,10262.37627,10373.39784,10511.88371,10804.59859,11244.23688,11619.27457,12099.39406,12615.18827,12779.93342,12561.65955,13050.17449,13500.83812,13778.08381,14057.05195,14431.44983,14771.59092,15072.46494,
Samoa,,,,,,,,,,,,,,,,,,,,,,5461.535736,,,,,,
Kosovo,,,,,,,,,,,,,,,,,7163.679502,7776.07427,7839.891053,7831.639197,8028.060358,8405.131827,8647.089063,8785.156789,8882.441072,9306.687131,9584.451632,10076.21657
"Yemen, Rep.",,,,,,,,,,,3582.988436,3657.080199,3659.668904,3645.555395,3641.926792,3740.829199,3901.571207,3931.185331,3926.522414,4088.047502,4227.460821,3533.45583,3639.283806,3714.464069,3547.148419,2228.859509,1480.048631,
South Africa,9390.641561,9170.409431,8791.855229,8705.432443,8808.709343,8884.568497,9070.974836,9149.592505,9032.34043,9100.465601,9339.907703,9391.099695,9658.339919,9790.565477,10182.30695,10589.85522,11057.64769,11366.96397,11628.82869,11422.88259,11638.95215,11808.79744,11885.86669,12020.2819,12064.26209,12073.1341,11948.12455,11923.2677
Zambia,,,,,,,,,,,,,,,,,,,,,,3195.592978,,,,,,
Zimbabwe,,,,,,,,,,,,,,,,1610.377617,1522.998844,1433.118075,1135.892311,1140.664012,1267.263714,1391.500554,1581.178573,1695.604883,1700.869617,1678.138612,1677.424884,1682.839299
