Score,Year,Trade Tariffs
Albania,2007,6.6
Albania,2008,5.24882145
Albania,2009,4.0275755
Albania,2010,3.319292956
Albania,2011,3.441610902
Albania,2012,3.149612714
Albania,2013,2.722086494
Albania,2014,2.767527471
Albania,2015,2.399344588
Albania,2016,2.366558531
Albania,2017,2.282613299
Algeria,2007,12
Algeria,2008,15.59129145
Algeria,2009,15.6237985
Algeria,2010,13.31369542
Algeria,2011,13.81100755
Algeria,2012,14.04675266
Algeria,2013,14.44047817
Algeria,2014,14.46414947
Algeria,2015,13.7815994
Algeria,2016,13.75528908
Algeria,2017,14.00427142
Angola,2010,8.60238563
Angola,2011,8.639121953
Angola,2013,8.883349087
Angola,2014,9.297499911
Argentina,2007,12
Argentina,2008,8.52581585
Argentina,2009,7.8853298
Argentina,2010,11.19742275
Argentina,2011,10.68799017
Argentina,2012,10.93267114
Argentina,2013,10.57262366
Argentina,2014,10.46130904
Argentina,2015,11.20860511
Argentina,2016,11.12018188
Argentina,2017,11.66201696
Armenia,2007,2.2
Armenia,2008,3.33443199
Armenia,2009,13.5720673
Armenia,2010,2.263386424
Armenia,2011,2.347635387
Armenia,2012,2.221590038
Armenia,2013,2.756943915
Armenia,2014,2.759365378
Armenia,2015,2.901642026
Armenia,2016,4.586984114
Armenia,2017,3.962423572
Australia,2007,6.5
Australia,2008,9.41628317
Australia,2009,9.3106304
Australia,2010,4.339068378
Australia,2011,3.840167167
Australia,2012,2.943839787
Australia,2013,4.051368673
Australia,2014,2.343940832
Australia,2015,2.312685372
Australia,2016,2.063787626
Australia,2017,2.158949605
Austria,2007,3.4
Austria,2008,1.05907208
Austria,2009,1.0718542
Austria,2010,0.886899348
Austria,2011,0.849888498
Austria,2012,0.903368416
Austria,2013,0.820191606
Austria,2014,0.842101789
Austria,2015,1.151456349
Austria,2016,1.041106756
Austria,2017,1.112245948
Azerbaijan,2007,5.6
Azerbaijan,2008,6.04157692
Azerbaijan,2009,6.0415769
Azerbaijan,2010,6.929973597
Azerbaijan,2011,7.220598233
Azerbaijan,2012,7.146479471
Azerbaijan,2013,7.46297739
Azerbaijan,2014,7.467035978
Azerbaijan,2015,7.429182559
Azerbaijan,2016,7.705330635
Azerbaijan,2017,7.864468083
Bahrain,2007,5.5
Bahrain,2008,4.97514563
Bahrain,2009,4.9773422
Bahrain,2010,4.381461265
Bahrain,2011,4.488797888
Bahrain,2012,4.395898527
Bahrain,2013,4.585086194
Bahrain,2014,4.135436173
Bahrain,2015,4.08953573
Bahrain,2016,3.947189458
Bahrain,2017,3.963563853
Bangladesh,2007,55.8
Bangladesh,2008,13.03005664
Bangladesh,2009,13.0300566
Bangladesh,2010,12.90947313
Bangladesh,2011,13.12655631
Bangladesh,2012,13.09277517
Bangladesh,2013,13.52696513
Bangladesh,2014,13.67181288
Bangladesh,2015,13.52762885
Bangladesh,2016,13.46286519
Bangladesh,2017,13.1459816
Barbados,2007,16.5
Barbados,2008,14.55527922
Barbados,2009,14.5552792
Barbados,2010,17.02396705
Barbados,2011,17.27187213
Barbados,2012,28.91758165
Barbados,2013,26.3944026
Barbados,2014,16.64885247
Barbados,2016,14.20930913
Belgium,2007,3.4
Belgium,2008,1.05907208
Belgium,2009,1.0718542
Belgium,2010,0.886899348
Belgium,2011,0.849888498
Belgium,2012,0.903368416
Belgium,2013,0.820191606
Belgium,2014,0.842101789
Belgium,2015,1.151456349
Belgium,2016,1.041106756
Belgium,2017,1.112245948
Belize,2011,11.01638167
Benin,2007,12.3
Benin,2008,7.83522961
Benin,2009,7.7813395
Benin,2010,7.78309359
Benin,2011,11.06099323
Benin,2012,11.40347916
Benin,2013,10.52170746
Benin,2015,10.38208715
Benin,2016,9.89116787
Benin,2017,10.79342751
Bhutan,2013,22.34203677
Bhutan,2014,22.71216908
Bhutan,2015,22.40995095
Bhutan,2016,22.65343937
Bhutan,2017,22.36666802
Bolivia,2007,8.5
Bolivia,2008,7.99767601
Bolivia,2009,8.2504479
Bolivia,2010,8.301336584
Bolivia,2011,8.692299334
Bolivia,2012,8.626691443
Bolivia,2013,8.518565556
Bolivia,2014,8.774066137
Bolivia,2015,8.828832596
Bolivia,2016,8.89460151
Bosnia and Herzegovina,2007,4.9
Bosnia and Herzegovina,2008,8.87897428
Bosnia and Herzegovina,2009,8.5211835
Bosnia and Herzegovina,2010,5.132920692
Bosnia and Herzegovina,2011,5.222880691
Bosnia and Herzegovina,2012,5.062248977
Bosnia and Herzegovina,2013,4.932642462
Bosnia and Herzegovina,2015,4.901696044
Bosnia and Herzegovina,2016,4.834935633
Bosnia and Herzegovina,2017,4.94467494
Botswana,2007,10.2
Botswana,2008,4.60744896
Botswana,2009,4.6041613
Botswana,2010,6.069285749
Botswana,2011,6.086639335
Botswana,2012,6.650891799
Botswana,2013,6.07476796
Botswana,2014,5.934992243
Botswana,2015,6.306521941
Botswana,2016,6.389628599
Botswana,2017,6.642510307
Brazil,2007,8.2
Brazil,2008,8.53092577
Brazil,2009,8.6454849
Brazil,2010,11.86187264
Brazil,2011,11.46581053
Brazil,2012,11.63569457
Brazil,2013,11.2669739
Brazil,2014,11.42993147
Brazil,2015,11.59451469
Brazil,2016,11.49630311
Brazil,2017,12.08494108
Brunei,2008,5.82861202
Brunei,2009,5.6950024
Brunei,2010,5.329993249
Brunei,2011,5.75401049
Brunei,2012,5.207134823
Brunei,2013,3.615350593
Brunei,2016,1.738183535
Brunei,2017,1.853575563
Bulgaria,2007,9.6
Bulgaria,2008,1.05907208
Bulgaria,2009,1.0718542
Bulgaria,2010,0.886899348
Bulgaria,2011,0.849888498
Bulgaria,2012,0.903368416
Bulgaria,2013,0.820191606
Bulgaria,2014,0.842101789
Bulgaria,2015,1.151456349
Bulgaria,2016,1.041106756
Bulgaria,2017,1.112245948
Burkina Faso,2007,11.7
Burkina Faso,2008,9.85368746
Burkina Faso,2009,9.8300884
Burkina Faso,2010,9.836911583
Burkina Faso,2011,11.0636024
Burkina Faso,2012,11.40603743
Burkina Faso,2013,10.5239309
Burkina Faso,2014,10.81299714
Burma (Myanmar),2013,3.896608648
Burma (Myanmar),2014,3.884720816
Burma (Myanmar),2015,3.839551903
Burundi,2007,14.7
Burundi,2008,11.64036327
Burundi,2009,11.6403633
Burundi,2010,11.64036327
Burundi,2011,8.685771813
Burundi,2012,8.934317994
Burundi,2013,9.263935419
Burundi,2014,8.691242739
Burundi,2015,9.546845205
Burundi,2016,9.618565662
Burundi,2017,9.461783656
Cambodia,2007,10.9
Cambodia,2008,11.24048979
Cambodia,2009,11.4779141
Cambodia,2010,12.35760135
Cambodia,2011,12.46447293
Cambodia,2012,12.77982607
Cambodia,2013,9.746573155
Cambodia,2014,13.03076721
Cambodia,2015,9.221183058
Cambodia,2016,9.127949257
Cambodia,2017,9.33371331
Cameroon,2007,14.4
Cameroon,2008,14.08195559
Cameroon,2009,14.0819556
Cameroon,2010,14.68923994
Cameroon,2011,13.53980676
Cameroon,2012,13.32097649
Cameroon,2013,14.9160121
Cameroon,2014,14.26002801
Cameroon,2015,14.06568279
Cameroon,2016,14.55702877
Cameroon,2017,15.52141293
Canada,2007,3.6
Canada,2008,2.56584263
Canada,2009,2.4213601
Canada,2010,2.773200947
Canada,2011,2.996065297
Canada,2012,2.703033877
Canada,2013,2.590574561
Canada,2014,2.668762639
Canada,2015,2.598518344
Canada,2016,2.81023114
Canada,2017,2.818132135
Cape Verde,2010,10.57605772
Cape Verde,2011,10.93606154
Cape Verde,2012,11.12514647
Cape Verde,2013,10.08582298
Cape Verde,2014,10.33587201
Cape Verde,2015,9.4033977
Cape Verde,2016,8.797554295
Cape Verde,2017,10.33438604
Chad,2007,12.9
Chad,2008,14.69503449
Chad,2009,14.6950345
Chad,2010,14.6938654
Chad,2011,13.6042568
Chad,2012,13.63290011
Chad,2013,14.93989964
Chad,2014,14.56735526
Chad,2015,13.75336008
Chad,2016,14.32059785
Chad,2017,15.23843385
Chile,2007,6
Chile,2008,4.74050123
Chile,2009,4.6304496
Chile,2010,4.65486377
Chile,2011,4.667505269
Chile,2012,4.666563664
Chile,2013,4.670910938
Chile,2014,4.643163554
Chile,2015,4.648993463
Chile,2016,3.239043286
Chile,2017,3.224433718
China,2007,4.7
China,2008,14.23271736
China,2009,13.8774884
China,2010,13.31420473
China,2011,12.96730097
China,2012,11.51013343
China,2013,10.99401066
China,2014,11.08582676
China,2015,11.04412062
China,2016,11.06859462
China,2017,11.64516539
Colombia,2007,11.4
Colombia,2008,10.2971848
Colombia,2009,10.1885856
Colombia,2010,10.0483127
Colombia,2011,11.1885
Colombia,2012,8.321630497
Colombia,2013,6.599697105
Colombia,2014,6.565746072
Colombia,2015,6.426217692
Colombia,2016,6.355562416
Colombia,2017,6.494339341
Congo (Kinshasa),2016,10.18477086
Congo (Kinshasa),2017,10.361288
Costa Rica,2007,4.3
Costa Rica,2008,3.04202229
Costa Rica,2009,3.0420228
Costa Rica,2010,2.961648397
Costa Rica,2011,3.652778656
Costa Rica,2012,3.575149357
Costa Rica,2013,3.619826929
Costa Rica,2014,3.89961854
Costa Rica,2015,3.559715591
Costa Rica,2016,3.645288686
Costa Rica,2017,3.605236118
Croatia,2007,4.9
Croatia,2008,2.45311332
Croatia,2009,2.4468041
Croatia,2010,2.935340629
Croatia,2011,2.975226158
Croatia,2012,3.04785364
Croatia,2013,3.273097099
Croatia,2014,3.192861293
Croatia,2015,1.151456349
Croatia,2016,1.041106756
Croatia,2017,1.037269076
Cyprus,2007,3.4
Cyprus,2008,1.05907208
Cyprus,2009,1.0718542
Cyprus,2010,0.886899348
Cyprus,2011,0.849888498
Cyprus,2012,0.903368416
Cyprus,2013,0.820191606
Cyprus,2014,0.842101789
Cyprus,2015,1.151456349
Cyprus,2016,1.041106756
Cyprus,2017,1.112245948
Czech Republic,2007,3.4
Czech Republic,2008,1.05907208
Czech Republic,2009,1.0718542
Czech Republic,2010,0.886899348
Czech Republic,2011,0.849888498
Czech Republic,2012,0.903368416
Czech Republic,2013,0.820191606
Czech Republic,2014,0.842101789
Czech Republic,2015,1.151456349
Czech Republic,2016,1.041106756
Czech Republic,2017,1.112245948
Denmark,2007,3.4
Denmark,2008,1.05907208
Denmark,2009,1.0718542
Denmark,2010,0.886899348
Denmark,2011,0.849888498
Denmark,2012,0.903368416
Denmark,2013,0.820191606
Denmark,2014,0.842101789
Denmark,2015,1.151456349
Denmark,2016,1.041106756
Denmark,2017,1.112245948
Dominican Republic,2007,8.1
Dominican Republic,2008,6.55305731
Dominican Republic,2009,6.2038407
Dominican Republic,2010,6.232757547
Dominican Republic,2011,7.250351811
Dominican Republic,2012,7.25576372
Dominican Republic,2013,7.345827778
Dominican Republic,2014,7.419755208
Dominican Republic,2015,5.896361865
Dominican Republic,2016,6.164367226
Dominican Republic,2017,6.377698869
Ecuador,2007,10
Ecuador,2008,8.62244721
Ecuador,2009,7.6594301
Ecuador,2010,7.736855951
Ecuador,2011,7.65992726
Ecuador,2012,7.192397873
Ecuador,2013,7.464682732
Ecuador,2015,9.658740521
Ecuador,2016,9.891600016
Ecuador,2017,11.15683138
Egypt,2007,13.9
Egypt,2008,21.83326466
Egypt,2009,22.1984225
Egypt,2010,13.77810368
Egypt,2011,14.66411574
Egypt,2012,15.21072143
Egypt,2013,17.74267867
Egypt,2014,15.96043944
Egypt,2015,13.9965536
Egypt,2016,13.64287935
Egypt,2017,14.87931305
El Salvador,2007,6.7
El Salvador,2008,3.90058055
El Salvador,2009,3.4194599
El Salvador,2010,3.398662492
El Salvador,2011,4.336361832
El Salvador,2012,4.372137558
El Salvador,2013,4.385604997
El Salvador,2014,4.584032352
El Salvador,2015,4.248793368
El Salvador,2016,4.179551284
El Salvador,2017,4.324846199
Estonia,2007,3.4
Estonia,2008,1.05907208
Estonia,2009,1.0718542
Estonia,2010,0.886899348
Estonia,2011,0.849888498
Estonia,2012,0.903368416
Estonia,2013,0.820191606
Estonia,2014,0.842101789
Estonia,2015,1.151456349
Estonia,2016,1.041106756
Estonia,2017,1.112245948
Ethiopia,2007,13.5
Ethiopia,2008,12.40574286
Ethiopia,2009,12.1162311
Ethiopia,2010,12.69997612
Ethiopia,2011,12.44617718
Ethiopia,2012,12.78755888
Ethiopia,2013,12.69552515
Ethiopia,2014,12.68456481
Ethiopia,2015,12.73485852
Ethiopia,2016,13.02780007
Ethiopia,2017,13.12846146
Finland,2007,3.4
Finland,2008,1.05907208
Finland,2009,1.0718542
Finland,2010,0.886899348
Finland,2011,0.849888498
Finland,2012,0.903368416
Finland,2013,0.820191606
Finland,2014,0.842101789
Finland,2015,1.151456349
Finland,2016,1.041106756
Finland,2017,1.112245948
France,2007,3.4
France,2008,1.05907208
France,2009,1.0718542
France,2010,0.886899348
France,2011,0.849888498
France,2012,0.903368416
France,2013,0.820191606
France,2014,0.842101789
France,2015,1.151456349
France,2016,1.041106756
France,2017,1.112245948
Gabon,2012,0.134583496
Gabon,2013,15.20577527
Gabon,2014,14.3269884
Gabon,2015,13.13576781
Gabon,2016,13.44777362
Gambia,2007,12.7
Gambia,2008,16.1547492
Gambia,2009,16.1547492
Gambia,2010,15.81008499
Gambia,2011,17.32836083
Gambia,2012,17.92450956
Gambia,2013,14.64598378
Gambia,2014,13.72001073
Gambia,2015,14.63241646
Gambia,2016,14.30664278
Gambia,2017,14.22150674
Georgia,2007,9.1
Georgia,2008,0.64202516
Georgia,2009,0.6829861
Georgia,2010,0.669781879
Georgia,2011,0.741106821
Georgia,2012,0.992041431
Georgia,2013,1.109797331
Georgia,2014,1.056455802
Georgia,2015,0.831714377
Georgia,2016,0.861675325
Georgia,2017,0.9087399
Germany,2007,3.4
Germany,2008,1.05907208
Germany,2009,1.0718542
Germany,2010,0.886899348
Germany,2011,0.849888498
Germany,2012,0.903368416
Germany,2013,0.820191606
Germany,2014,0.842101789
Germany,2015,1.151456349
Germany,2016,1.041106756
Germany,2017,1.112245948
Ghana,2008,10.52746328
Ghana,2009,10.3585762
Ghana,2010,10.01730218
Ghana,2011,10.62526547
Ghana,2012,10.56453766
Ghana,2013,10.3730646
Ghana,2014,10.40449909
Ghana,2015,9.728746493
Ghana,2016,10.15971196
Ghana,2017,10.94410105
Greece,2007,3.4
Greece,2008,1.05907208
Greece,2009,1.0718542
Greece,2010,0.886899348
Greece,2011,0.849888498
Greece,2012,0.903368416
Greece,2013,0.820191606
Greece,2014,0.842101789
Greece,2015,1.151456349
Greece,2016,1.041106756
Greece,2017,1.112245948
Guatemala,2007,5.9
Guatemala,2008,3.50093071
Guatemala,2009,3.3284887
Guatemala,2010,3.342828105
Guatemala,2011,4.337287177
Guatemala,2012,4.306227287
Guatemala,2013,4.844143248
Guatemala,2014,3.945072308
Guatemala,2015,3.409254341
Guatemala,2016,3.402403127
Guatemala,2017,3.532872268
Guinea,2012,0.119292739
Guinea,2013,11.598259
Guinea,2014,11.52890857
Guinea,2015,11.30510281
Guinea,2017,11.91000651
Guyana,2007,11.5
Guyana,2008,12.03607989
Guyana,2009,11.4431243
Guyana,2010,11.54960501
Guyana,2011,9.404113122
Guyana,2012,10.80009758
Guyana,2013,10.68543409
Guyana,2014,11.82151282
Guyana,2015,11.97209121
Haiti,2011,3.265046597
Haiti,2012,5.386556274
Haiti,2013,5.8961805
Haiti,2014,5.801143683
Haiti,2015,5.649591896
Haiti,2017,6.28976405
Honduras,2007,5.4
Honduras,2008,6.42123676
Honduras,2009,6.5133791
Honduras,2010,4.175476522
Honduras,2011,4.351851743
Honduras,2012,4.415009359
Honduras,2013,4.446054318
Honduras,2014,4.559191544
Honduras,2015,3.942152391
Honduras,2016,3.953117425
Honduras,2017,4.072779236
Hungary,2007,3.4
Hungary,2008,1.05907208
Hungary,2009,1.0718542
Hungary,2010,0.886899348
Hungary,2011,0.849888498
Hungary,2012,0.903368416
Hungary,2013,0.820191606
Hungary,2014,0.842101789
Hungary,2015,1.151456349
Hungary,2016,1.041106756
Hungary,2017,1.112245948
Iceland,2007,3
Iceland,2008,4.78802155
Iceland,2009,4.264011
Iceland,2010,2.992850074
Iceland,2011,3.415497768
Iceland,2012,4.099894531
Iceland,2013,3.179432182
Iceland,2014,3.220972345
Iceland,2015,2.834214419
Iceland,2016,2.885326662
Iceland,2017,2.638000413
India,2007,14.7
India,2008,18.72189722
India,2009,10.8981063
India,2010,14.40286937
India,2011,13.18602257
India,2012,12.64157424
India,2013,11.68635705
India,2014,12.37374183
India,2015,12.67562061
India,2016,13.03216592
India,2017,12.91498136
Indonesia,2007,4.8
Indonesia,2008,5.39548624
Indonesia,2009,6.0694323
Indonesia,2010,3.818810227
Indonesia,2011,4.831770398
Indonesia,2012,4.626221984
Indonesia,2013,4.72643127
Indonesia,2014,4.592945773
Indonesia,2015,4.585382266
Indonesia,2016,4.428847333
Indonesia,2017,4.796631797
Iran,2010,23.14381076
Iran,2011,23.29535316
Iran,2012,25.58418198
Iran,2013,26.55286226
Iran,2014,27.05840446
Iran,2015,27.34271778
Iran,2016,27.98112754
Iran,2017,29.49503625
Ireland,2007,3.4
Ireland,2008,1.05907208
Ireland,2009,1.0718542
Ireland,2010,0.886899348
Ireland,2011,0.849888498
Ireland,2012,0.903368416
Ireland,2013,0.820191606
Ireland,2014,0.842101789
Ireland,2015,1.151456349
Ireland,2016,1.041106756
Ireland,2017,1.112245948
Israel,2007,3
Israel,2008,4.38804306
Israel,2009,4.8142451
Israel,2010,4.103986748
Israel,2011,4.523450647
Israel,2012,4.118584986
Israel,2013,4.031394236
Israel,2014,4.129685097
Israel,2015,2.910779752
Israel,2016,2.958719342
Israel,2017,3.047604196
Italy,2007,3.4
Italy,2008,1.05907208
Italy,2009,1.0718542
Italy,2010,0.886899348
Italy,2011,0.849888498
Italy,2012,0.903368416
Italy,2013,0.820191606
Italy,2014,0.842101789
Italy,2015,1.151456349
Italy,2016,1.041106756
Italy,2017,1.112245948
Ivory Coast,2008,10.50713292
Ivory Coast,2009,10.5348613
Ivory Coast,2010,10.5725601
Ivory Coast,2011,11.06817155
Ivory Coast,2012,11.41129028
Ivory Coast,2013,10.52743102
Ivory Coast,2014,10.81698989
Ivory Coast,2015,10.38891755
Ivory Coast,2016,9.89116787
Jamaica,2007,9.8
Jamaica,2008,8.92885117
Jamaica,2009,8.9288512
Jamaica,2010,9.068523095
Jamaica,2011,6.65018429
Jamaica,2012,8.119972944
Jamaica,2013,7.78570252
Jamaica,2014,8.575989339
Jamaica,2015,9.038279533
Jamaica,2016,9.651737447
Jamaica,2017,9.377308466
Japan,2007,4.5
Japan,2008,3.27054452
Japan,2009,3.6093529
Japan,2010,2.397843019
Japan,2011,2.872252025
Japan,2012,2.314294209
Japan,2013,3.03292333
Japan,2014,2.153519694
Japan,2015,2.055309403
Japan,2016,2.107863895
Japan,2017,1.883375235
Jordan,2007,8.7
Jordan,2008,12.08114436
Jordan,2009,12.2420148
Jordan,2010,9.844543028
Jordan,2011,9.963449641
Jordan,2012,10.08457241
Jordan,2013,10.13161901
Jordan,2014,10.450369
Jordan,2015,7.452718939
Jordan,2016,7.439649894
Jordan,2017,7.517289185
Kazakhstan,2007,7.9
Kazakhstan,2008,3.94643352
Kazakhstan,2009,3.1175557
Kazakhstan,2010,4.13287095
Kazakhstan,2011,9.776961985
Kazakhstan,2012,9.600897069
Kazakhstan,2013,9.526023632
Kazakhstan,2014,9.421344937
Kazakhstan,2015,5.538967094
Kazakhstan,2016,5.806688068
Kazakhstan,2017,4.788589349
Kenya,2007,6.2
Kenya,2008,7.56340243
Kenya,2009,7.7216335
Kenya,2010,7.682070044
Kenya,2011,8.777470521
Kenya,2012,9.003051358
Kenya,2013,9.225521772
Kenya,2014,8.843569241
Kenya,2015,9.784323577
Kenya,2016,9.592640808
Kenya,2017,9.874334521
Kuwait,2007,3.9
Kuwait,2008,3.70170224
Kuwait,2009,5.9636228
Kuwait,2010,4.315853907
Kuwait,2011,4.429465389
Kuwait,2012,4.626247761
Kuwait,2013,4.534776712
Kuwait,2014,4.148178861
Kuwait,2015,4.159348506
Kuwait,2016,3.963378416
Kuwait,2017,3.98074703
Kyrgyzstan,2007,4.3
Kyrgyzstan,2008,11.74582933
Kyrgyzstan,2009,11.6893123
Kyrgyzstan,2010,11.01160752
Kyrgyzstan,2011,10.83170162
Kyrgyzstan,2012,10.83313622
Kyrgyzstan,2013,10.90119874
Kyrgyzstan,2014,10.70083854
Kyrgyzstan,2015,10.91230225
Kyrgyzstan,2016,5.550752587
Kyrgyzstan,2017,4.886189145
Laos,2013,8.520031596
Laos,2014,8.455759599
Laos,2015,8.183658446
Laos,2016,8.175322244
Laos,2017,6.574324962
Latvia,2007,3.4
Latvia,2008,1.05907208
Latvia,2009,1.0718542
Latvia,2010,0.886899348
Latvia,2011,0.849888498
Latvia,2012,0.903368416
Latvia,2013,0.820191606
Latvia,2014,0.842101789
Latvia,2015,1.151456349
Latvia,2016,1.041106756
Latvia,2017,1.112245948
Lebanon,2010,6.211380139
Lebanon,2011,6.687136472
Lebanon,2012,6.307282829
Lebanon,2013,6.254627866
Lebanon,2014,6.13202058
Lebanon,2015,5.043720464
Lebanon,2016,4.915268267
Lebanon,2017,4.908641966
Lesotho,2007,17.8
Lesotho,2008,4.18034571
Lesotho,2009,4.1582111
Lesotho,2010,6.069285749
Lesotho,2011,6.086639335
Lesotho,2012,6.650891799
Lesotho,2013,6.084601849
Lesotho,2014,6.130459817
Lesotho,2015,6.396158165
Lesotho,2016,6.471760162
Lesotho,2017,6.710169319
Liberia,2013,10.66167264
Liberia,2015,10.60338888
Liberia,2016,10.72581412
Liberia,2017,11.56657476
Libya,2007,25.2
Lithuania,2007,3.4
Lithuania,2008,1.05907208
Lithuania,2009,1.0718542
Lithuania,2010,0.886899348
Lithuania,2011,0.849888498
Lithuania,2012,0.903368416
Lithuania,2013,0.820191606
Lithuania,2014,0.842101789
Lithuania,2015,1.151456349
Lithuania,2016,1.041106756
Lithuania,2017,1.112245948
Luxembourg,2007,3.4
Luxembourg,2008,1.05907208
Luxembourg,2009,1.0718542
Luxembourg,2010,0.886899348
Luxembourg,2011,0.849888498
Luxembourg,2012,0.903368416
Luxembourg,2013,0.820191606
Luxembourg,2014,0.842101789
Luxembourg,2015,1.151456349
Luxembourg,2016,1.041106756
Luxembourg,2017,1.112245948
Macedonia (F.Y.R.O.M.),2007,8.4
Macedonia (F.Y.R.O.M.),2008,9.19965677
Macedonia (F.Y.R.O.M.),2009,8.3559214
Macedonia (F.Y.R.O.M.),2010,5.357883268
Macedonia (F.Y.R.O.M.),2011,5.259388684
Macedonia (F.Y.R.O.M.),2012,5.202074007
Macedonia (F.Y.R.O.M.),2013,5.281541827
Macedonia (F.Y.R.O.M.),2014,5.324914171
Macedonia (F.Y.R.O.M.),2015,5.20973157
Macedonia (F.Y.R.O.M.),2016,5.110360657
Madagascar,2007,9.3
Madagascar,2008,8.3657459
Madagascar,2009,8.2752417
Madagascar,2010,8.957876441
Madagascar,2011,8.005734439
Madagascar,2012,7.932637055
Madagascar,2013,7.758459575
Madagascar,2014,7.612849158
Madagascar,2015,7.543203825
Madagascar,2016,7.726492981
Madagascar,2017,7.827841347
Malawi,2008,12.70964938
Malawi,2009,11.5462154
Malawi,2010,12.87839352
Malawi,2011,9.533898892
Malawi,2012,10.2092886
Malawi,2013,10.21221729
Malawi,2014,9.676503654
Malawi,2015,9.692692792
Malawi,2016,9.917820958
Malawi,2017,9.925039022
Malaysia,2007,4.6
Malaysia,2008,5.93512177
Malaysia,2009,5.9351218
Malaysia,2010,6.023033759
Malaysia,2011,6.4300475
Malaysia,2012,6.019752735
Malaysia,2013,4.98283722
Malaysia,2014,6.236881974
Malaysia,2015,4.580259392
Malaysia,2016,4.517386211
Malaysia,2017,4.732331077
Mali,2007,10.7
Mali,2008,9.85368746
Mali,2009,9.8288335
Mali,2010,9.835712133
Mali,2011,11.06134176
Mali,2012,11.40403544
Mali,2013,10.52230926
Mali,2014,10.81107734
Mali,2015,10.38251694
Mali,2016,9.89116787
Mali,2017,10.79342751
Malta,2007,3.4
Malta,2008,1.05907208
Malta,2009,1.0718542
Malta,2010,0.886899348
Malta,2011,0.849888498
Malta,2012,0.903368416
Malta,2013,0.820191606
Malta,2014,0.842101789
Malta,2015,1.151456349
Malta,2016,1.041106756
Malta,2017,1.112245948
Mauritania,2007,9.3
Mauritania,2008,7.96385877
Mauritania,2009,7.9638588
Mauritania,2010,7.96385877
Mauritania,2011,11.27116676
Mauritania,2012,11.48493603
Mauritania,2013,9.279967903
Mauritania,2014,11.10267727
Mauritania,2015,10.36469401
Mauritania,2016,9.931483376
Mauritania,2017,11.24110441
Mauritius,2007,2
Mauritius,2008,3.64249235
Mauritius,2009,3.592755
Mauritius,2010,1.210123357
Mauritius,2011,1.247793461
Mauritius,2012,1.062443428
Mauritius,2013,0.851170989
Mauritius,2014,0.785952188
Mauritius,2015,0.738866555
Mauritius,2016,0.734962997
Mauritius,2017,0.751969731
Mexico,2007,11.9
Mexico,2008,11.08063235
Mexico,2009,9.7702254
Mexico,2010,8.3235392
Mexico,2011,8.060428218
Mexico,2012,8.289106566
Mexico,2013,8.299642119
Mexico,2014,8.493319581
Mexico,2015,8.545130652
Mexico,2016,5.022442412
Mexico,2017,5.176587626
Moldova,2011,2.650633503
Moldova,2012,2.537323516
Moldova,2013,4.228323238
Moldova,2014,4.176367564
Moldova,2015,3.218633727
Moldova,2016,3.275565534
Moldova,2017,3.378727944
Mongolia,2007,4.3
Mongolia,2008,4.97600344
Mongolia,2009,4.9760034
Mongolia,2010,4.976003438
Mongolia,2011,4.551658032
Mongolia,2012,4.587629611
Mongolia,2013,4.608595216
Mongolia,2014,4.609327914
Mongolia,2015,4.004055415
Mongolia,2016,4.081490417
Mongolia,2017,4.184389782
Montenegro,2008,3.21144897
Montenegro,2009,2.9406992
Montenegro,2010,4.362287319
Montenegro,2011,4.250671585
Montenegro,2012,4.401405455
Montenegro,2013,3.526421919
Montenegro,2014,2.865714189
Montenegro,2015,3.058726725
Montenegro,2016,3.530401561
Montenegro,2017,3.192826768
Morocco,2007,18.9
Morocco,2008,12.70475066
Morocco,2009,12.2424475
Morocco,2010,15.41384772
Morocco,2011,16.25511498
Morocco,2012,16.53751795
Morocco,2013,12.3397548
Morocco,2014,11.71302388
Morocco,2015,10.06237547
Morocco,2016,10.37837973
Morocco,2017,10.45820535
Mozambique,2007,9.1
Mozambique,2008,7.72251961
Mozambique,2009,7.7225196
Mozambique,2010,7.463325539
Mozambique,2011,7.38395306
Mozambique,2012,7.471479806
Mozambique,2013,7.656468599
Mozambique,2014,7.679440922
Mozambique,2015,7.427306436
Mozambique,2016,7.582269843
Mozambique,2017,7.644475353
Namibia,2007,0.5
Namibia,2008,8.52945134
Namibia,2009,8.4592365
Namibia,2010,6.096192963
Namibia,2011,6.113051093
Namibia,2012,6.679576891
Namibia,2013,6.117385876
Namibia,2014,6.130459817
Namibia,2015,6.396158165
Namibia,2016,6.440585483
Namibia,2017,6.67134393
Nepal,2007,14.3
Nepal,2008,12.81167683
Nepal,2009,12.8116768
Nepal,2010,16.43824825
Nepal,2011,16.24798438
Nepal,2012,16.43077236
Nepal,2013,16.29063698
Nepal,2014,17.73473643
Nepal,2015,17.06068729
Nepal,2016,16.80128037
Nepal,2017,16.7214293
Netherlands,2007,3.4
Netherlands,2008,1.05907208
Netherlands,2009,1.0718542
Netherlands,2010,0.886899348
Netherlands,2011,0.849888498
Netherlands,2012,0.903368416
Netherlands,2013,0.820191606
Netherlands,2014,0.842101789
Netherlands,2015,1.151456349
Netherlands,2016,1.041106756
Netherlands,2017,1.112245948
New Zealand,2007,4.5
New Zealand,2008,1.46014749
New Zealand,2009,1.0975063
New Zealand,2010,1.679951121
New Zealand,2011,1.615307221
New Zealand,2012,2.153789404
New Zealand,2013,2.007244935
New Zealand,2014,1.509398705
New Zealand,2015,1.525063864
New Zealand,2016,1.508250531
New Zealand,2017,1.577403758
Nicaragua,2007,5.4
Nicaragua,2008,6.10641865
Nicaragua,2009,6.1064187
Nicaragua,2010,3.697756906
Nicaragua,2011,3.943550273
Nicaragua,2012,3.948974817
Nicaragua,2013,3.98769314
Nicaragua,2014,4.118686748
Nicaragua,2015,3.813330048
Nicaragua,2016,3.858144381
Nicaragua,2017,3.900934402
Nigeria,2007,11.7
Nigeria,2008,13.00304479
Nigeria,2009,12.6956017
Nigeria,2010,11.24661795
Nigeria,2011,11.1141325
Nigeria,2012,11.294931
Nigeria,2013,11.00965802
Nigeria,2014,11.43806905
Nigeria,2015,12.92210391
Nigeria,2016,9.701850267
Nigeria,2017,11.19283889
Norway,2007,2.7
Norway,2008,4.49937331
Norway,2009,4.8981998
Norway,2010,2.814429586
Norway,2011,4.341079639
Norway,2012,3.996488687
Norway,2013,3.63985251
Norway,2014,3.917370893
Norway,2015,2.858541427
Norway,2016,2.951241344
Norway,2017,2.745918908
Oman,2007,5.5
Oman,2008,4.94246561
Oman,2009,4.9376248
Oman,2010,4.396531198
Oman,2011,4.511091265
Oman,2012,4.696524283
Oman,2013,4.579830922
Oman,2014,4.124950899
Oman,2015,4.075547417
Oman,2016,4.135059777
Oman,2017,4.154941312
Pakistan,2007,13.1
Pakistan,2008,13.20965946
Pakistan,2009,11.4227125
Pakistan,2010,17.12237464
Pakistan,2011,16.80295195
Pakistan,2012,16.46841613
Pakistan,2013,16.69447466
Pakistan,2014,16.93511
Pakistan,2015,17.49471121
Pakistan,2016,16.57164854
Pakistan,2017,17.18175858
Panama,2007,6.9
Panama,2008,5.21066907
Panama,2009,5.3176091
Panama,2010,5.326329658
Panama,2011,6.771539499
Panama,2012,6.827744796
Panama,2013,5.971618348
Panama,2014,4.889053669
Panama,2015,4.757821686
Panama,2016,4.664087173
Panama,2017,4.736848992
Paraguay,2007,6.5
Paraguay,2008,5.6934525
Paraguay,2009,6.4729161
Paraguay,2010,7.239718952
Paraguay,2011,6.865368996
Paraguay,2012,7.077660307
Paraguay,2013,6.766917975
Paraguay,2014,6.847262101
Paraguay,2015,6.645647852
Paraguay,2016,6.636150706
Paraguay,2017,7.024908545
Peru,2007,7.1
Peru,2008,6.8108479
Peru,2009,2.8948024
Peru,2010,2.670491939
Peru,2011,3.074202523
Peru,2012,1.986567153
Peru,2013,1.913984795
Peru,2014,1.800034621
Peru,2015,1.810985404
Peru,2016,1.815709908
Peru,2017,1.948387504
Philippines,2007,3.7
Philippines,2008,4.23079563
Philippines,2009,4.2307956
Philippines,2010,4.251350149
Philippines,2011,4.031181704
Philippines,2012,4.164306603
Philippines,2013,3.584132365
Philippines,2014,3.63379989
Philippines,2015,3.615744213
Philippines,2016,3.571982718
Philippines,2017,3.998387126
Poland,2007,3.4
Poland,2008,1.05907208
Poland,2009,1.0718542
Poland,2010,0.886899348
Poland,2011,0.849888498
Poland,2012,0.903368416
Poland,2013,0.820191606
Poland,2014,0.842101789
Poland,2015,1.151456349
Poland,2016,1.041106756
Poland,2017,1.112245948
Portugal,2007,3.4
Portugal,2008,1.05907208
Portugal,2009,1.0718542
Portugal,2010,0.886899348
Portugal,2011,0.849888498
Portugal,2012,0.903368416
Portugal,2013,0.820191606
Portugal,2014,0.842101789
Portugal,2015,1.151456349
Portugal,2016,1.041106756
Portugal,2017,1.112245948
Puerto Rico,2008,1.71089253
Puerto Rico,2009,1.6830572
Puerto Rico,2014,1.290767191
Qatar,2007,5.4
Qatar,2008,4.11388373
Qatar,2009,4.940644
Qatar,2010,4.430366812
Qatar,2011,4.558405474
Qatar,2012,4.744965717
Qatar,2013,4.561523787
Qatar,2014,4.152546372
Qatar,2015,4.102528472
Qatar,2016,3.967987458
Qatar,2017,3.988086926
Romania,2007,13.4
Romania,2008,1.05907208
Romania,2009,1.0718542
Romania,2010,0.886899348
Romania,2011,0.849888498
Romania,2012,0.903368416
Romania,2013,0.820191606
Romania,2014,0.842101789
Romania,2015,1.151456349
Romania,2016,1.041106756
Romania,2017,1.112245948
Russia,2007,12.9
Russia,2008,14.75854182
Russia,2009,14.9155641
Russia,2010,11.55374393
Russia,2011,10.96596032
Russia,2012,10.33726033
Russia,2013,9.38074917
Russia,2014,9.461799175
Russia,2015,5.703804101
Russia,2016,5.78142031
Russia,2017,5.075604341
Rwanda,2010,16.34189196
Rwanda,2011,8.597194491
Rwanda,2012,8.839912301
Rwanda,2013,9.263935419
Rwanda,2014,8.723370933
Rwanda,2015,9.419577895
Rwanda,2016,9.674000594
Rwanda,2017,9.724534291
Saudi Arabia,2007,7.3
Saudi Arabia,2008,5.85719155
Saudi Arabia,2009,5.8371588
Saudi Arabia,2010,4.324579438
Saudi Arabia,2011,4.430039892
Saudi Arabia,2012,4.605872293
Saudi Arabia,2013,4.593293492
Saudi Arabia,2014,4.202416285
Saudi Arabia,2015,4.180983873
Saudi Arabia,2016,4.077179186
Saudi Arabia,2017,4.100508659
Senegal,2007,9.1
Senegal,2008,9.83418453
Senegal,2009,9.8433932
Senegal,2010,9.846337727
Senegal,2011,11.0655895
Senegal,2012,11.40780377
Senegal,2013,10.52539357
Senegal,2014,10.81457866
Senegal,2015,10.38637635
Senegal,2016,9.89116787
Senegal,2017,10.79342751
Serbia,2008,4.59655289
Serbia,2009,4.5484819
Serbia,2010,5.346138139
Serbia,2011,5.538096711
Serbia,2012,5.334396685
Serbia,2013,5.240716303
Serbia,2014,4.993949945
Serbia,2015,5.046304763
Serbia,2016,5.058838483
Serbia,2017,5.229497734
Seychelles,2012,0.161713808
Seychelles,2013,15.48982435
Seychelles,2014,15.97394176
Seychelles,2015,2.570675106
Seychelles,2017,2.549549799
Sierra Leone,2013,13.71375366
Sierra Leone,2014,13.80444738
Sierra Leone,2015,13.86828495
Sierra Leone,2016,13.82690921
Sierra Leone,2017,14.57424786
Singapore,2008,0.03431167
Singapore,2009,0.0434255
Singapore,2010,0.032447669
Singapore,2011,0.038725948
Singapore,2012,0.022653107
Singapore,2013,0.233193846
Singapore,2014,0.3458275
Singapore,2015,0.033584794
Singapore,2016,0.031767013
Singapore,2017,0.030877146
Slovakia,2007,3.4
Slovakia,2008,1.05907208
Slovakia,2009,1.0718542
Slovakia,2010,0.886899348
Slovakia,2011,0.849888498
Slovakia,2012,0.903368416
Slovakia,2013,0.820191606
Slovakia,2014,0.842101789
Slovakia,2015,1.151456349
Slovakia,2016,1.041106756
Slovakia,2017,1.112245948
Slovenia,2007,3.4
Slovenia,2008,1.05907208
Slovenia,2009,1.0718542
Slovenia,2010,0.886899348
Slovenia,2011,0.849888498
Slovenia,2012,0.903368416
Slovenia,2013,0.820191606
Slovenia,2014,0.842101789
Slovenia,2015,1.151456349
Slovenia,2016,1.041106756
Slovenia,2017,1.112245948
South Africa,2007,6.1
South Africa,2008,6.16127919
South Africa,2009,6.0827823
South Africa,2010,5.94879758
South Africa,2011,5.917022959
South Africa,2012,6.547045287
South Africa,2013,5.928596048
South Africa,2014,5.977224201
South Africa,2015,6.184549008
South Africa,2016,6.18641906
South Africa,2017,6.336773253
South Korea,2007,8
South Korea,2008,9.85058585
South Korea,2009,8.0256686
South Korea,2010,6.554941386
South Korea,2011,7.244675238
South Korea,2012,8.523390637
South Korea,2013,8.598687682
South Korea,2014,8.501312284
South Korea,2015,6.781644441
South Korea,2016,7.080472137
South Korea,2017,7.202404041
Spain,2007,3.4
Spain,2008,1.05907208
Spain,2009,1.0718542
Spain,2010,0.886899348
Spain,2011,0.849888498
Spain,2012,0.903368416
Spain,2013,0.820191606
Spain,2014,0.842101789
Spain,2015,1.151456349
Spain,2016,1.041106756
Spain,2017,1.112245948
Sri Lanka,2007,7.4
Sri Lanka,2008,8.16486128
Sri Lanka,2009,8.1648613
Sri Lanka,2010,11.83905361
Sri Lanka,2011,12.78392551
Sri Lanka,2012,11.7478411
Sri Lanka,2013,11.06772686
Sri Lanka,2014,11.28916424
Sri Lanka,2015,20.02325707
Sri Lanka,2016,17.61563392
Sri Lanka,2017,12.30570766
Suriname,2011,9.517570701
Suriname,2012,10.87340892
Suriname,2013,10.59466093
Suriname,2014,11.66874488
Swaziland,2010,6.069285749
Swaziland,2011,6.086639335
Swaziland,2012,6.747228958
Swaziland,2013,6.084601849
Swaziland,2014,6.130459817
Swaziland,2015,6.396158165
Swaziland,2017,6.703558028
Sweden,2007,3.4
Sweden,2008,1.05907208
Sweden,2009,1.0718542
Sweden,2010,0.886899348
Sweden,2011,0.849888498
Sweden,2012,0.903368416
Sweden,2013,0.820191606
Sweden,2014,0.842101789
Sweden,2015,1.151456349
Sweden,2016,1.041106756
Sweden,2017,1.112245948
Switzerland,2007,2.6
Switzerland,2008,3.1108921
Switzerland,2009,2.4079744
Switzerland,2010,2.081320375
Switzerland,2011,4.084371952
Switzerland,2012,3.458217515
Switzerland,2013,2.576163671
Switzerland,2014,3.488499609
Switzerland,2015,2.739012983
Switzerland,2016,3.975851521
Switzerland,2017,3.509530426
Syria,2007,15.5
Syria,2008,22.94463113
Syria,2009,22.9446311
Syria,2010,11.54211683
Syria,2011,12.43575418
Tajikistan,2007,7
Tajikistan,2008,5.75083736
Tajikistan,2009,5.7508374
Tajikistan,2010,4.998307003
Tajikistan,2011,5.025642889
Tajikistan,2012,4.975278336
Tajikistan,2014,5.707603622
Tajikistan,2015,5.652749558
Tajikistan,2016,5.791532016
Tajikistan,2017,5.901973774
Tanzania,2007,9.7
Tanzania,2008,7.67678604
Tanzania,2009,8.1359182
Tanzania,2010,8.051926622
Tanzania,2011,9.368298013
Tanzania,2012,9.6287967
Tanzania,2013,9.778131938
Tanzania,2014,9.686057515
Tanzania,2015,10.02007428
Tanzania,2016,9.840566491
Tanzania,2017,10.24805858
Thailand,2007,4.8
Thailand,2008,7.56817799
Thailand,2009,7.568178
Thailand,2010,5.671453862
Thailand,2011,6.371117814
Thailand,2012,6.40660567
Thailand,2013,6.631585226
Thailand,2014,6.818625676
Thailand,2015,7.791217661
Thailand,2016,6.848915809
Thailand,2017,7.253260904
Timor Leste,2012,2.5
Timor Leste,2013,2.5
Timor Leste,2014,2.5
Trinidad and Tobago,2007,5.5
Trinidad and Tobago,2008,5.17973734
Trinidad and Tobago,2009,5.1940786
Trinidad and Tobago,2010,10.84651943
Trinidad and Tobago,2011,10.78396858
Trinidad and Tobago,2012,10.51746862
Trinidad and Tobago,2013,10.48087557
Trinidad and Tobago,2014,12.89802779
Trinidad and Tobago,2015,11.92358534
Trinidad and Tobago,2016,10.79685324
Trinidad and Tobago,2017,10.76743055
Tunisia,2007,20.2
Tunisia,2008,16.83489226
Tunisia,2009,16.8348923
Tunisia,2010,14.7365
Tunisia,2011,15.90718145
Tunisia,2013,16.27042871
Tunisia,2014,16.34044852
Tunisia,2015,10.9037124
Tunisia,2016,10.79518338
Tunisia,2017,11.13856533
Turkey,2007,3.8
Turkey,2008,3.99626533
Turkey,2009,3.8188238
Turkey,2010,4.416374318
Turkey,2011,5.396298445
Turkey,2012,5.110246345
Turkey,2013,5.090501905
Turkey,2014,5.089858947
Turkey,2015,5.395342571
Turkey,2016,6.024068736
Turkey,2017,5.889990592
Uganda,2007,11.6
Uganda,2008,11.11139397
Uganda,2009,12.1947598
Uganda,2010,12.18967598
Uganda,2011,8.782419439
Uganda,2012,9.033367799
Uganda,2013,9.349300138
Uganda,2014,9.047156749
Uganda,2015,9.508654275
Uganda,2016,9.680332113
Uganda,2017,9.871402927
Ukraine,2007,3.9
Ukraine,2008,4.03810803
Ukraine,2009,4.197182
Ukraine,2010,2.92765908
Ukraine,2011,2.946372293
Ukraine,2012,2.917924742
Ukraine,2013,2.872632605
Ukraine,2014,2.831126856
Ukraine,2015,2.855922738
Ukraine,2016,2.825067937
Ukraine,2017,2.947085909
United Arab Emirates,2007,5
United Arab Emirates,2008,4.76833366
United Arab Emirates,2009,4.7704458
United Arab Emirates,2010,4.367355475
United Arab Emirates,2011,4.488130184
United Arab Emirates,2012,4.675607899
United Arab Emirates,2013,4.554765613
United Arab Emirates,2014,4.151179315
United Arab Emirates,2015,4.101574708
United Arab Emirates,2016,3.968280091
United Arab Emirates,2017,3.988979925
United Kingdom,2007,3.4
United Kingdom,2008,1.05907208
United Kingdom,2009,1.0718542
United Kingdom,2010,0.886899348
United Kingdom,2011,0.849888498
United Kingdom,2012,0.903368416
United Kingdom,2013,0.820191606
United Kingdom,2014,0.842101789
United Kingdom,2015,1.151456349
United Kingdom,2016,1.041106756
United Kingdom,2017,1.112245948
United States,2007,2.5
United States,2008,1.71089253
United States,2009,1.6830572
United States,2010,1.486639885
United States,2011,1.547361537
United States,2012,1.371971236
United States,2013,1.300832324
United States,2014,1.290767191
United States,2015,1.373309004
United States,2016,1.380890733
United States,2017,1.624565925
Uruguay,2007,7.6
Uruguay,2008,6.16488306
Uruguay,2009,6.0708618
Uruguay,2010,6.098594158
Uruguay,2011,7.937866393
Uruguay,2012,8.197705175
Uruguay,2013,7.87625853
Uruguay,2014,7.945923118
Uruguay,2015,8.060825072
Uruguay,2016,8.021118345
Uruguay,2017,8.494469499
Venezuela,2007,13.7
Venezuela,2008,15.03521723
Venezuela,2009,15.2115173
Venezuela,2010,12.44086842
Venezuela,2011,12.10222635
Venezuela,2012,12.50272887
Venezuela,2013,12.59049938
Venezuela,2014,12.43788065
Venezuela,2015,11.85006417
Venezuela,2016,11.81819734
Venezuela,2017,12.17503441
Vietnam,2007,14.5
Vietnam,2008,14.93748129
Vietnam,2009,14.9374813
Vietnam,2010,8.1658
Vietnam,2011,7.361446716
Vietnam,2012,7.748781409
Vietnam,2013,8.03533145
Vietnam,2014,6.79699954
Vietnam,2015,7.424388907
Vietnam,2016,7.905212505
Vietnam,2017,7.548447548
Yemen,2011,5.755842325
Yemen,2012,5.735502294
Yemen,2013,6.009976776
Yemen,2014,5.69347512
Yemen,2016,6.402874683
Yemen,2017,6.461275584
Zambia,2007,10.6
Zambia,2008,11.60218826
Zambia,2009,14.1499092
Zambia,2010,11.03878663
Zambia,2011,11.00634375
Zambia,2012,11.05576244
Zambia,2013,10.73817529
Zambia,2014,10.74545984
Zambia,2015,10.52455059
Zambia,2016,10.62697749
Zambia,2017,10.82496184
Zimbabwe,2007,18.7
Zimbabwe,2008,12.95736866
Zimbabwe,2009,12.9573687
Zimbabwe,2010,19.86654137
Zimbabwe,2011,20.51497578
Zimbabwe,2012,20.47376268
Zimbabwe,2013,19.36542076
Zimbabwe,2014,21.02576543
Zimbabwe,2015,14.37173329
Zimbabwe,2016,14.60093047
Zimbabwe,2017,14.68570454
